Time,Symbol,Price,Quantity,Type,Status,Value,Tag 
2010-01-04T21:00:00Z,SPY,85.697506773,1163,Market On Open,Filled,99666.200376999,"" 
2010-01-06T21:00:00Z,SPY,85.894182135,-1163,Market On Open,Filled,-99894.933823005,"Liquidated" 
2010-01-07T21:00:00Z,SPY,86.136244119,1157,Market On Open,Filled,99659.634445683,"" 
2010-01-14T21:00:00Z,SPY,86.771656827,-1157,Market On Open,Filled,-100394.80694884,"Liquidated" 
2010-01-15T21:00:00Z,SPY,85.947133194,1170,Market On Open,Filled,100558.14583698,"" 
2010-01-26T21:00:00Z,SPY,82.573394292,-1170,Market On Open,Filled,-96610.87132164,"Liquidated" 
2010-01-27T21:00:00Z,SPY,83.367660177,1164,Market On Open,Filled,97039.956446028,"" 
2010-02-12T21:00:00Z,SPY,82.338896745,-1164,Market On Open,Filled,-95842.47581118,"Liquidated" 
2010-02-16T21:00:00Z,SPY,83.413046799,1150,Market On Open,Filled,95925.00381885,"" 
2010-02-19T21:00:00Z,SPY,84.388859172,-1150,Market On Open,Filled,-97047.1880478,"Liquidated" 
2010-02-22T21:00:00Z,SPY,83.874477456,1149,Market On Open,Filled,96371.774596944,"" 
2010-02-25T21:00:00Z,SPY,83.81396196,-1149,Market On Open,Filled,-96302.24229204,"Liquidated" 
2010-02-26T21:00:00Z,SPY,84.11653944,1152,Market On Open,Filled,96902.25343488,"" 
2010-03-03T21:00:00Z,SPY,85.077222939,-1152,Market On Open,Filled,-98008.960825728,"Liquidated" 
2010-03-04T21:00:00Z,SPY,85.773151143,1145,Market On Open,Filled,98210.258058735,"" 
2010-03-17T20:00:00Z,SPY,88.587121707,-1145,Market On Open,Filled,-101432.25435451,"Liquidated" 
2010-03-18T20:00:00Z,SPY,88.785167113,1139,Market On Open,Filled,101126.30534171,"" 
2010-03-23T20:00:00Z,SPY,88.845932049,-1139,Market On Open,Filled,-101195.51660381,"Liquidated" 
2010-03-24T20:00:00Z,SPY,89.377625239,1136,Market On Open,Filled,101532.9822715,"" 
2010-04-12T20:00:00Z,SPY,90.873961788,-1136,Market On Open,Filled,-103232.82059117,"Liquidated" 
2010-04-13T20:00:00Z,SPY,91.367676893,1126,Market On Open,Filled,102880.00418152,"" 
2010-04-15T20:00:00Z,SPY,91.800627062,-1126,Market On Open,Filled,-103367.50607181,"Liquidated" 
2010-04-16T20:00:00Z,SPY,90.403033534,1136,Market On Open,Filled,102697.84609462,"" 
2010-05-11T20:00:00Z,SPY,88.359812561,-1136,Market On Open,Filled,-100376.7470693,"Liquidated" 
2010-06-28T20:00:00Z,SPY,80.927119416,1228,Market On Open,Filled,99378.502642848,"" 
2010-07-08T20:00:00Z,SPY,81.758980602,-1228,Market On Open,Filled,-100400.02817926,"Liquidated" 
2010-07-09T20:00:00Z,SPY,82.132936548,1235,Market On Open,Filled,101434.17663678,"" 
2010-07-14T20:00:00Z,SPY,83.628760332,-1235,Market On Open,Filled,-103281.51901002,"Liquidated" 
2010-07-15T20:00:00Z,SPY,83.231909124,1237,Market On Open,Filled,102957.87158639,"" 
2010-07-21T20:00:00Z,SPY,82.674791082,-1237,Market On Open,Filled,-102268.71656843,"Liquidated" 
2010-07-22T20:00:00Z,SPY,83.384544204,1231,Market On Open,Filled,102646.37391512,"" 
2010-07-26T20:00:00Z,SPY,85.59012111,-1231,Market On Open,Filled,-105361.43908641,"Liquidated" 
2010-07-27T20:00:00Z,SPY,84.994844298,1240,Market On Open,Filled,105393.60692952,"" 
2010-08-04T20:00:00Z,SPY,85.712229174,-1240,Market On Open,Filled,-106283.16417576,"Liquidated" 
2010-08-06T20:00:00Z,SPY,86.193029676,1240,Market On Open,Filled,106879.35679824,"" 
2010-08-18T20:00:00Z,SPY,83.361648942,-1240,Market On Open,Filled,-103368.44468808,"Liquidated" 
2010-08-20T20:00:00Z,SPY,82.4229432,1254,Market On Open,Filled,103358.3707728,"" 
2010-09-03T20:00:00Z,SPY,84.246932406,-1254,Market On Open,Filled,-105645.65323712,"Liquidated" 
2010-09-07T20:00:00Z,SPY,83.83481769,1256,Market On Open,Filled,105296.53101864,"" 
2010-09-14T20:00:00Z,SPY,85.689333912,-1256,Market On Open,Filled,-107625.80339347,"Liquidated" 
2010-09-15T20:00:00Z,SPY,86.017499334,1245,Market On Open,Filled,107091.78667083,"" 
2010-09-27T20:00:00Z,SPY,87.789809106,-1245,Market On Open,Filled,-109298.31233697,"Liquidated" 
2010-09-28T20:00:00Z,SPY,87.805154292,1246,Market On Open,Filled,109405.22224783,"" 
2010-10-05T20:00:00Z,SPY,89.040441765,-1246,Market On Open,Filled,-110944.39043919,"Liquidated" 
2010-10-06T20:00:00Z,SPY,89.38570845,1249,Market On Open,Filled,111642.74985405,"" 
2010-10-11T20:00:00Z,SPY,89.216911404,-1249,Market On Open,Filled,-111431.9223436,"Liquidated" 
2010-10-12T20:00:00Z,SPY,90.245038866,1236,Market On Open,Filled,111542.86803838,"" 
2010-10-14T20:00:00Z,SPY,90.743757411,-1236,Market On Open,Filled,-112159.28416,"Liquidated" 
2010-10-18T20:00:00Z,SPY,89.938135146,1226,Market On Open,Filled,110264.153689,"" 
2010-10-25T20:00:00Z,SPY,90.597978144,-1226,Market On Open,Filled,-111073.12120454,"Liquidated" 
2010-10-26T20:00:00Z,SPY,90.413835912,1233,Market On Open,Filled,111480.2596795,"" 
2010-11-05T20:00:00Z,SPY,93.858830169,-1233,Market On Open,Filled,-115727.93759838,"Liquidated" 
2010-11-08T21:00:00Z,SPY,94.234787226,1240,Market On Open,Filled,116851.13616024,"" 
2010-11-12T21:00:00Z,SPY,92.508453801,-1240,Market On Open,Filled,-114710.48271324,"Liquidated" 
2010-11-15T21:00:00Z,SPY,91.557052269,1242,Market On Open,Filled,113713.8589181,"" 
2010-11-30T21:00:00Z,SPY,92.262930825,-1242,Market On Open,Filled,-114590.56008465,"Liquidated" 
2010-12-01T21:00:00Z,SPY,92.968809381,1242,Market On Open,Filled,115467.2612512,"" 
2010-12-03T21:00:00Z,SPY,94.096680552,-1242,Market On Open,Filled,-116868.07724558,"Liquidated" 
2010-12-06T21:00:00Z,SPY,95.117135421,1239,Market On Open,Filled,117850.13078662,"" 
2010-12-15T21:00:00Z,SPY,95.308950246,-1239,Market On Open,Filled,-118087.78935479,"Liquidated" 
2010-12-16T21:00:00Z,SPY,95.67907032,1221,Market On Open,Filled,116824.14486072,"" 
2010-12-23T21:00:00Z,SPY,96.481216496,-1221,Market On Open,Filled,-117803.56534162,"Liquidated" 
2010-12-27T21:00:00Z,SPY,97.129103792,1216,Market On Open,Filled,118108.99021107,"" 
2011-01-06T21:00:00Z,SPY,98.37860072,-1216,Market On Open,Filled,-119628.37847552,"Liquidated" 
2011-01-07T21:00:00Z,SPY,97.638158096,1217,Market On Open,Filled,118825.63840283,"" 
2011-01-18T21:00:00Z,SPY,99.828634192,-1217,Market On Open,Filled,-121491.44781166,"Liquidated" 
2011-01-19T21:00:00Z,SPY,98.671692592,1233,Market On Open,Filled,121662.19696594,"" 
2011-01-26T21:00:00Z,SPY,99.99831896,-1233,Market On Open,Filled,-123297.92727768,"Liquidated" 
2011-01-28T21:00:00Z,SPY,98.76424792,1255,Market On Open,Filled,123949.1311396,"" 
2011-02-02T21:00:00Z,SPY,100.476521488,-1255,Market On Open,Filled,-126098.03446744,"Liquidated" 
2011-02-03T21:00:00Z,SPY,100.92387224,1247,Market On Open,Filled,125852.06868328,"" 
2011-02-11T21:00:00Z,SPY,102.636145808,-1247,Market On Open,Filled,-127987.27382258,"Liquidated" 
2011-02-15T21:00:00Z,SPY,102.944663568,1246,Market On Open,Filled,128269.05080573,"" 
2011-02-17T21:00:00Z,SPY,103.600263808,-1246,Market On Open,Filled,-129085.92870477,"Liquidated" 
2011-02-22T21:00:00Z,SPY,101.594898368,1266,Market On Open,Filled,128619.14133389,"" 
2011-02-28T21:00:00Z,SPY,103.106635392,-1266,Market On Open,Filled,-130533.00040627,"Liquidated" 
2011-03-01T21:00:00Z,SPY,100.877594576,1293,Market On Open,Filled,130434.72978677,"" 
2011-03-15T20:00:00Z,SPY,98.864516192,-1293,Market On Open,Filled,-127831.81943626,"Liquidated" 
2011-03-16T20:00:00Z,SPY,98.733396144,1315,Market On Open,Filled,129834.41592936,"" 
2011-03-21T20:00:00Z,SPY,100.5179352,-1315,Market On Open,Filled,-132181.084788,"Liquidated" 
2011-03-23T20:00:00Z,SPY,101.0601867,1297,Market On Open,Filled,131075.0621499,"" 
2011-03-30T20:00:00Z,SPY,102.74116635,-1297,Market On Open,Filled,-133255.29275595,"Liquidated" 
2011-03-31T20:00:00Z,SPY,103.37637525,1290,Market On Open,Filled,133355.5240725,"" 
2011-04-04T20:00:00Z,SPY,102.98905275,-1290,Market On Open,Filled,-132855.8780475,"Liquidated" 
2011-04-06T20:00:00Z,SPY,103.32989655,1274,Market On Open,Filled,131642.2882047,"" 
2011-04-25T20:00:00Z,SPY,103.84116225,-1274,Market On Open,Filled,-132293.6407065,"Liquidated" 
2011-04-27T20:00:00Z,SPY,104.9024259,1262,Market On Open,Filled,132386.8614858,"" 
2011-05-19T20:00:00Z,SPY,104.04256995,-1262,Market On Open,Filled,-131301.7232769,"Liquidated" 
2011-05-20T20:00:00Z,SPY,102.24539355,1270,Market On Open,Filled,129851.6498085,"" 
2011-05-24T20:00:00Z,SPY,101.7728601,-1270,Market On Open,Filled,-129251.532327,"Liquidated" 
2011-05-25T20:00:00Z,SPY,102.25314,1276,Market On Open,Filled,130475.00664,"" 
2011-05-27T20:00:00Z,SPY,104.4066531,-1276,Market On Open,Filled,-133222.8893556,"Liquidated" 
2011-05-31T20:00:00Z,SPY,104.2052454,1279,Market On Open,Filled,133278.5088666,"" 
2011-06-15T20:00:00Z,SPY,98.44963305,-1279,Market On Open,Filled,-125917.08067095,"Liquidated" 
2011-06-16T20:00:00Z,SPY,99.576157051,1280,Market On Open,Filled,127457.48102528,"" 
2011-06-21T20:00:00Z,SPY,100.463631205,-1280,Market On Open,Filled,-128593.4479424,"Liquidated" 
2011-06-22T20:00:00Z,SPY,98.937798449,1271,Market On Open,Filled,125749.94182868,"" 
2011-06-29T20:00:00Z,SPY,102.098452015,-1271,Market On Open,Filled,-129767.13251107,"Liquidated" 
2011-07-01T20:00:00Z,SPY,104.16144018,1260,Market On Open,Filled,131243.4146268,"" 
2011-07-11T20:00:00Z,SPY,102.518834509,-1260,Market On Open,Filled,-129173.73148134,"Liquidated" 
2011-07-12T20:00:00Z,SPY,102.845798671,1264,Market On Open,Filled,129997.08952014,"" 
2011-08-04T20:00:00Z,SPY,94.89745559,-1264,Market On Open,Filled,-119950.38386576,"Liquidated" 
2011-08-05T20:00:00Z,SPY,91.067303978,1277,Market On Open,Filled,116292.94717991,"" 
2011-08-10T20:00:00Z,SPY,88.319248045,-1277,Market On Open,Filled,-112783.67975346,"Liquidated" 
2011-12-29T21:00:00Z,SPY,99.21422723,1166,Market On Open,Filled,115683.78895018,"" 
2012-01-03T21:00:00Z,SPY,100.15132486,-1166,Market On Open,Filled,-116776.44478676,"Liquidated" 
2012-01-04T21:00:00Z,SPY,100.01745377,1162,Market On Open,Filled,116220.28128074,"" 
2012-01-06T21:00:00Z,SPY,100.82855508,-1162,Market On Open,Filled,-117162.78100296,"Liquidated" 
2012-01-09T21:00:00Z,SPY,101.87589949,1168,Market On Open,Filled,118991.05060432,"" 
2012-01-11T21:00:00Z,SPY,102.00977058,-1168,Market On Open,Filled,-119147.41203744,"Liquidated" 
2012-01-12T21:00:00Z,SPY,101.31679082,1156,Market On Open,Filled,117122.21018792,"" 
2012-01-25T21:00:00Z,SPY,104.85256255,-1156,Market On Open,Filled,-121209.5623078,"Liquidated" 
2012-01-26T21:00:00Z,SPY,103.27760855,1174,Market On Open,Filled,121247.9124377,"" 
2012-02-03T21:00:00Z,SPY,105.51404323,-1174,Market On Open,Filled,-123873.48675202,"Liquidated" 
2012-02-06T21:00:00Z,SPY,105.6794134,1176,Market On Open,Filled,124278.9901584,"" 
2012-02-16T21:00:00Z,SPY,107.50636004,-1176,Market On Open,Filled,-126427.47940704,"Liquidated" 
2012-02-21T21:00:00Z,SPY,107.2543674,1179,Market On Open,Filled,126452.8991646,"" 
2012-02-24T21:00:00Z,SPY,107.12837108,-1179,Market On Open,Filled,-126304.34950332,"Liquidated" 
2012-02-27T21:00:00Z,SPY,108.03396963,1172,Market On Open,Filled,126615.81240636,"" 
2012-02-29T21:00:00Z,SPY,108.13634164,-1172,Market On Open,Filled,-126735.79240208,"Liquidated" 
2012-03-01T21:00:00Z,SPY,108.38045951,1167,Market On Open,Filled,126479.99624817,"" 
2012-03-05T21:00:00Z,SPY,106.53776333,-1167,Market On Open,Filled,-124329.56980611,"Liquidated" 
2012-03-06T21:00:00Z,SPY,106.35664362,1174,Market On Open,Filled,124862.69960988,"" 
2012-03-13T20:00:00Z,SPY,110.30190339,-1174,Market On Open,Filled,-129494.43457986,"Liquidated" 
2012-03-15T20:00:00Z,SPY,110.98301696,1165,Market On Open,Filled,129295.2147584,"" 
2012-03-19T20:00:00Z,SPY,110.7694664,-1165,Market On Open,Filled,-129046.428356,"Liquidated" 
2012-03-21T20:00:00Z,SPY,110.07344976,1162,Market On Open,Filled,127905.34862112,"" 
2012-03-26T20:00:00Z,SPY,112.10613472,-1162,Market On Open,Filled,-130267.32854464,"Liquidated" 
2012-03-28T20:00:00Z,SPY,110.42936736,1181,Market On Open,Filled,130417.08285216,"" 
2012-04-13T20:00:00Z,SPY,109.01360624,-1181,Market On Open,Filled,-128745.06896944,"Liquidated" 
2012-04-16T20:00:00Z,SPY,109.03733408,1196,Market On Open,Filled,130408.65155968,"" 
2012-04-24T20:00:00Z,SPY,109.59098368,-1196,Market On Open,Filled,-131070.81648128,"Liquidated" 
2012-04-25T20:00:00Z,SPY,109.86780848,1182,Market On Open,Filled,129863.74962336,"" 
2012-04-27T20:00:00Z,SPY,110.83274064,-1182,Market On Open,Filled,-131004.29943648,"Liquidated" 
2012-04-30T20:00:00Z,SPY,110.57964368,1187,Market On Open,Filled,131258.03704816,"" 
2012-05-08T20:00:00Z,SPY,106.8543728,-1187,Market On Open,Filled,-126836.1405136,"Liquidated" 
2012-05-09T20:00:00Z,SPY,108.159404,1182,Market On Open,Filled,127844.415528,"" 
2012-05-30T20:00:00Z,SPY,104.17312688,-1182,Market On Open,Filled,-123132.63597216,"Liquidated" 
2012-06-01T20:00:00Z,SPY,101.58679232,1205,Market On Open,Filled,122412.0847456,"" 
2012-06-07T20:00:00Z,SPY,104.18103616,-1205,Market On Open,Filled,-125538.1485728,"Liquidated" 
2012-06-08T20:00:00Z,SPY,106.13462832,1190,Market On Open,Filled,126300.2077008,"" 
2012-06-29T20:00:00Z,SPY,108.544503843,-1190,Market On Open,Filled,-129167.95957317,"Liquidated" 
2012-07-02T20:00:00Z,SPY,108.528603381,1181,Market On Open,Filled,128172.28059296,"" 
2012-07-13T20:00:00Z,SPY,107.662028202,-1181,Market On Open,Filled,-127148.85530656,"Liquidated" 
2012-07-16T20:00:00Z,SPY,108.131091831,1180,Market On Open,Filled,127594.68836058,"" 
2012-07-19T20:00:00Z,SPY,108.902264238,-1180,Market On Open,Filled,-128504.67180084,"Liquidated" 
2012-07-20T20:00:00Z,SPY,106.890855795,1179,Market On Open,Filled,126024.31898231,"" 
2012-07-30T20:00:00Z,SPY,110.118649581,-1179,Market On Open,Filled,-129829.887856,"Liquidated" 
2012-07-31T20:00:00Z,SPY,110.285604432,1203,Market On Open,Filled,132673.5821317,"" 
2012-08-14T20:00:00Z,SPY,111.812048784,-1203,Market On Open,Filled,-134509.89468715,"Liquidated" 
2012-08-15T20:00:00Z,SPY,112.169809179,1192,Market On Open,Filled,133706.41254137,"" 
2012-08-17T20:00:00Z,SPY,112.901230431,-1192,Market On Open,Filled,-134578.26667375,"Liquidated" 
2012-08-20T20:00:00Z,SPY,113.306692212,1189,Market On Open,Filled,134721.65704007,"" 
2012-08-22T20:00:00Z,SPY,112.456017495,-1189,Market On Open,Filled,-133710.20480155,"Liquidated" 
2012-08-23T20:00:00Z,SPY,111.54174093,1193,Market On Open,Filled,133069.29692949,"" 
2012-09-06T20:00:00Z,SPY,114.499226862,-1193,Market On Open,Filled,-136597.57764637,"Liquidated" 
2012-09-10T20:00:00Z,SPY,114.189167853,1200,Market On Open,Filled,137027.0014236,"" 
2012-09-13T20:00:00Z,SPY,116.780943159,-1200,Market On Open,Filled,-140137.1317908,"Liquidated" 
2012-09-17T20:00:00Z,SPY,116.494734843,1200,Market On Open,Filled,139793.6818116,"" 
2012-09-19T20:00:00Z,SPY,116.0733726,-1200,Market On Open,Filled,-139288.04712,"Liquidated" 
2012-09-21T20:00:00Z,SPY,116.021438044,1196,Market On Open,Filled,138761.63990062,"" 
2012-09-28T20:00:00Z,SPY,115.49392255,-1196,Market On Open,Filled,-138130.7313698,"Liquidated" 
2012-10-01T20:00:00Z,SPY,115.81362891,1204,Market On Open,Filled,139439.60920764,"" 
2012-10-04T20:00:00Z,SPY,117.428146028,-1204,Market On Open,Filled,-141383.48781771,"Liquidated" 
2012-10-05T20:00:00Z,SPY,116.357129722,1205,Market On Open,Filled,140210.34131501,"" 
2012-10-31T20:00:00Z,SPY,113.224007394,-1205,Market On Open,Filled,-136434.92890977,"Liquidated" 
2012-11-01T20:00:00Z,SPY,114.870495148,1199,Market On Open,Filled,137729.72368245,"" 
2012-11-26T21:00:00Z,SPY,112.624557969,-1199,Market On Open,Filled,-135036.84500483,"Liquidated" 
2012-11-27T21:00:00Z,SPY,111.713394843,1197,Market On Open,Filled,133720.93362707,"" 
2012-11-29T21:00:00Z,SPY,113.631633003,-1197,Market On Open,Filled,-136017.06470459,"Liquidated" 
2012-11-30T21:00:00Z,SPY,114.143163179,1203,Market On Open,Filled,137314.22530434,"" 
2012-12-17T21:00:00Z,SPY,115.0942896,-1203,Market On Open,Filled,-138458.4303888,"Liquidated" 
2012-12-19T21:00:00Z,SPY,115.382025324,1194,Market On Open,Filled,137766.13823686,"" 
2013-01-03T21:00:00Z,SPY,117.496186786,-1194,Market On Open,Filled,-140290.44702248,"Liquidated" 
2013-01-08T21:00:00Z,SPY,117.431792082,1197,Market On Open,Filled,140565.85512215,"" 
2013-01-11T21:00:00Z,SPY,118.236725882,-1197,Market On Open,Filled,-141529.36088075,"Liquidated" 
2013-01-14T21:00:00Z,SPY,117.753765602,1193,Market On Open,Filled,140480.24236319,"" 
2013-01-23T21:00:00Z,SPY,120.031728256,-1193,Market On Open,Filled,-143197.85180941,"Liquidated" 
2013-01-24T21:00:00Z,SPY,120.643477944,1196,Market On Open,Filled,144289.59962102,"" 
2013-01-28T21:00:00Z,SPY,120.562984564,-1196,Market On Open,Filled,-144193.32953854,"Liquidated" 
2013-01-29T21:00:00Z,SPY,121.255227632,1185,Market On Open,Filled,143687.44474392,"" 
2013-02-28T21:00:00Z,SPY,121.617447842,-1185,Market On Open,Filled,-144116.67569277,"Liquidated" 
2013-03-01T21:00:00Z,SPY,122.156753488,1177,Market On Open,Filled,143778.49885538,"" 
2013-03-05T21:00:00Z,SPY,124.627900254,-1177,Market On Open,Filled,-146687.03859896,"Liquidated" 
2013-03-06T21:00:00Z,SPY,124.515209522,1182,Market On Open,Filled,147176.977655,"" 
2013-03-22T20:00:00Z,SPY,126.12493455,-1182,Market On Open,Filled,-149079.6726381,"Liquidated" 
2013-03-25T20:00:00Z,SPY,125.809602,1188,Market On Open,Filled,149461.807176,"" 
2013-03-28T20:00:00Z,SPY,126.618147,-1188,Market On Open,Filled,-150422.358636,"Liquidated" 
2013-04-01T20:00:00Z,SPY,126.61006155,1188,Market On Open,Filled,150412.7531214,"" 
2013-04-08T20:00:00Z,SPY,126.5211216,-1188,Market On Open,Filled,-150307.0924608,"Liquidated" 
2013-04-09T20:00:00Z,SPY,127.07901765,1182,Market On Open,Filled,150207.3988623,"" 
2013-04-23T20:00:00Z,SPY,127.6045719,-1182,Market On Open,Filled,-150828.6039858,"Liquidated" 
2013-04-24T20:00:00Z,SPY,127.95224625,1178,Market On Open,Filled,150727.7460825,"" 
2013-05-01T20:00:00Z,SPY,128.29183515,-1178,Market On Open,Filled,-151127.7818067,"Liquidated" 
2013-05-02T20:00:00Z,SPY,130.28085585,1167,Market On Open,Filled,152037.75877695,"" 
2013-05-08T20:00:00Z,SPY,132.02731305,-1167,Market On Open,Filled,-154075.87432935,"Liquidated" 
2013-05-10T20:00:00Z,SPY,131.97880035,1156,Market On Open,Filled,152567.4932046,"" 
2013-05-14T20:00:00Z,SPY,133.41801045,-1156,Market On Open,Filled,-154231.2200802,"Liquidated" 
2013-05-16T20:00:00Z,SPY,134.19421365,1155,Market On Open,Filled,154994.31676575,"" 
2013-05-31T20:00:00Z,SPY,132.5043546,-1155,Market On Open,Filled,-153042.529563,"Liquidated" 
2013-06-03T20:00:00Z,SPY,132.94905435,1147,Market On Open,Filled,152492.56533945,"" 
2013-06-05T20:00:00Z,SPY,130.32936855,-1147,Market On Open,Filled,-149487.78572685,"Liquidated" 
2013-06-06T20:00:00Z,SPY,132.46392735,1136,Market On Open,Filled,150479.0214696,"" 
2013-06-10T20:00:00Z,SPY,132.01114215,-1136,Market On Open,Filled,-149964.6574824,"Liquidated" 
2013-06-11T20:00:00Z,SPY,132.78734535,1129,Market On Open,Filled,149916.91290015,"" 
2013-06-19T20:00:00Z,SPY,130.87917915,-1129,Market On Open,Filled,-147762.59326035,"Liquidated" 
2013-06-20T20:00:00Z,SPY,129.744227878,1140,Market On Open,Filled,147908.41978092,"" 
2013-06-25T20:00:00Z,SPY,129.996205767,-1140,Market On Open,Filled,-148195.67457438,"Liquidated" 
2013-06-26T20:00:00Z,SPY,130.987860685,1129,Market On Open,Filled,147885.29471337,"" 
2013-06-28T20:00:00Z,SPY,131.093528832,-1129,Market On Open,Filled,-148004.59405133,"Liquidated" 
2013-07-01T20:00:00Z,SPY,130.939090771,1122,Market On Open,Filled,146913.65984506,"" 
2013-07-10T20:00:00Z,SPY,135.832338809,-1122,Market On Open,Filled,-152403.8841437,"Liquidated" 
2013-07-11T20:00:00Z,SPY,136.092445017,1121,Market On Open,Filled,152559.63086406,"" 
2013-07-19T20:00:00Z,SPY,137.685595541,-1121,Market On Open,Filled,-154345.55260146,"Liquidated" 
2013-07-22T20:00:00Z,SPY,138.010728301,1121,Market On Open,Filled,154710.02642542,"" 
2013-07-25T20:00:00Z,SPY,136.750838856,-1121,Market On Open,Filled,-153297.69035758,"Liquidated" 
2013-07-29T20:00:00Z,SPY,137.490515885,1117,Market On Open,Filled,153576.90624355,"" 
2013-08-01T20:00:00Z,SPY,138.42527257,-1117,Market On Open,Filled,-154621.02946069,"Liquidated" 
2013-08-02T20:00:00Z,SPY,138.677250459,1108,Market On Open,Filled,153654.39350857,"" 
2013-08-13T20:00:00Z,SPY,137.823776964,-1108,Market On Open,Filled,-152708.74487611,"Liquidated" 
2013-08-14T20:00:00Z,SPY,136.092445017,1116,Market On Open,Filled,151879.16863897,"" 
2013-08-22T20:00:00Z,SPY,135.377152945,-1116,Market On Open,Filled,-151080.90268662,"Liquidated" 
2013-08-23T20:00:00Z,SPY,135.555975963,1124,Market On Open,Filled,152364.91698241,"" 
2013-09-05T20:00:00Z,SPY,135.320254712,-1124,Market On Open,Filled,-152099.96629629,"Liquidated" 
2013-09-06T20:00:00Z,SPY,135.295869755,1126,Market On Open,Filled,152343.14934413,"" 
2013-09-19T20:00:00Z,SPY,140.73503629,-1126,Market On Open,Filled,-158467.65086254,"Liquidated" 
2013-09-20T20:00:00Z,SPY,139.26479215,1134,Market On Open,Filled,157926.2742981,"" 
2013-09-30T20:00:00Z,SPY,137.345306745,-1134,Market On Open,Filled,-155749.57784883,"Liquidated" 
2013-10-01T20:00:00Z,SPY,137.500499182,1126,Market On Open,Filled,154825.56207893,"" 
2013-10-03T20:00:00Z,SPY,137.010417802,-1126,Market On Open,Filled,-154273.73044505,"Liquidated" 
2013-10-04T20:00:00Z,SPY,136.757209089,1126,Market On Open,Filled,153988.61743421,"" 
2013-10-11T20:00:00Z,SPY,138.235621252,-1126,Market On Open,Filled,-155653.30952975,"Liquidated" 
2013-10-14T20:00:00Z,SPY,139.281128196,1123,Market On Open,Filled,156412.70696411,"" 
2013-10-18T20:00:00Z,SPY,142.507497281,-1123,Market On Open,Filled,-160035.91944656,"Liquidated" 
2013-10-21T20:00:00Z,SPY,142.891394362,1127,Market On Open,Filled,161038.60144597,"" 
2013-10-29T20:00:00Z,SPY,144.876223951,-1127,Market On Open,Filled,-163275.50439278,"Liquidated" 
2013-10-30T20:00:00Z,SPY,143.904229214,1130,Market On Open,Filled,162611.77901182,"" 
2013-11-04T21:00:00Z,SPY,143.887893168,-1130,Market On Open,Filled,-162593.31927984,"Liquidated" 
2013-11-05T21:00:00Z,SPY,144.623015238,1130,Market On Open,Filled,163424.00721894,"" 
2013-11-15T21:00:00Z,SPY,147.342966897,-1130,Market On Open,Filled,-166497.55259361,"Liquidated" 
2013-11-18T21:00:00Z,SPY,146.485324482,1131,Market On Open,Filled,165674.90198914,"" 
2013-11-20T21:00:00Z,SPY,146.191275654,-1131,Market On Open,Filled,-165342.33276467,"Liquidated" 
2013-11-21T21:00:00Z,SPY,146.991741908,1126,Market On Open,Filled,165512.70138841,"" 
2013-11-25T21:00:00Z,SPY,147.637015725,-1126,Market On Open,Filled,-166239.27970635,"Liquidated" 
2013-11-26T21:00:00Z,SPY,147.743200024,1126,Market On Open,Filled,166358.84322702,"" 
2013-12-10T21:00:00Z,SPY,147.686023863,-1126,Market On Open,Filled,-166294.46286974,"Liquidated" 
2013-12-11T21:00:00Z,SPY,145.913562872,1138,Market On Open,Filled,166049.63454834,"" 
2013-12-16T21:00:00Z,SPY,146.509828551,-1138,Market On Open,Filled,-166728.18489104,"Liquidated" 
2013-12-17T21:00:00Z,SPY,146.158603562,1144,Market On Open,Filled,167205.44247493,"" 
2014-01-08T21:00:00Z,SPY,151.1980162,-1144,Market On Open,Filled,-172970.5305328,"Liquidated" 
2014-01-09T21:00:00Z,SPY,151.08303672,1144,Market On Open,Filled,172838.99400768,"" 
2014-01-23T21:00:00Z,SPY,149.12017274,-1144,Market On Open,Filled,-170593.47761456,"Liquidated" 
2014-01-24T21:00:00Z,SPY,147.0505421,1159,Market On Open,Filled,170431.5782939,"" 
2014-02-06T21:00:00Z,SPY,146.41815496,-1159,Market On Open,Filled,-169698.64159864,"Liquidated" 
2014-02-10T21:00:00Z,SPY,148.01965486,1147,Market On Open,Filled,169778.54412442,"" 
2014-02-12T21:00:00Z,SPY,148.54527534,-1147,Market On Open,Filled,-170381.43081498,"Liquidated" 
2014-02-13T21:00:00Z,SPY,150.2124778,1132,Market On Open,Filled,170040.5248696,"" 
2014-02-21T21:00:00Z,SPY,151.3622726,-1132,Market On Open,Filled,-171342.0925832,"Liquidated" 
2014-02-24T21:00:00Z,SPY,151.96180846,1129,Market On Open,Filled,171564.88175134,"" 
2014-02-26T21:00:00Z,SPY,151.59223156,-1129,Market On Open,Filled,-171147.62943124,"Liquidated" 
2014-02-27T21:00:00Z,SPY,152.57776996,1120,Market On Open,Filled,170887.1023552,"" 
2014-03-06T21:00:00Z,SPY,155.18944672,-1120,Market On Open,Filled,-173812.1803264,"Liquidated" 
2014-03-07T21:00:00Z,SPY,154.39280318,1124,Market On Open,Filled,173537.51077432,"" 
2014-03-18T20:00:00Z,SPY,154.16284422,-1124,Market On Open,Filled,-173279.03690328,"Liquidated" 
2014-03-19T20:00:00Z,SPY,152.9637725,1132,Market On Open,Filled,173154.99047,"" 
2014-04-09T20:00:00Z,SPY,154.319430616,-1132,Market On Open,Filled,-174689.59545731,"Liquidated" 
2014-04-10T20:00:00Z,SPY,150.269030208,1159,Market On Open,Filled,174161.80601107,"" 
2014-04-15T20:00:00Z,SPY,153.016043112,-1159,Market On Open,Filled,-177345.59396681,"Liquidated" 
2014-04-16T20:00:00Z,SPY,153.329516056,1161,Market On Open,Filled,178015.56814102,"" 
2014-04-21T20:00:00Z,SPY,154.459668512,-1161,Market On Open,Filled,-179327.67514243,"Liquidated" 
2014-04-22T20:00:00Z,SPY,154.92162864,1159,Market On Open,Filled,179554.16759376,"" 
2014-05-01T20:00:00Z,SPY,155.358840904,-1159,Market On Open,Filled,-180060.89660774,"Liquidated" 
2014-05-02T20:00:00Z,SPY,154.393674208,1161,Market On Open,Filled,179251.05575549,"" 
2014-05-09T20:00:00Z,SPY,155.721809576,-1161,Market On Open,Filled,-180793.02091774,"Liquidated" 
2014-05-13T20:00:00Z,SPY,156.587984816,1159,Market On Open,Filled,181485.47440174,"" 
2014-05-23T20:00:00Z,SPY,157.610896528,-1159,Market On Open,Filled,-182671.02907595,"Liquidated" 
2014-05-27T20:00:00Z,SPY,158.01511164,1156,Market On Open,Filled,182665.46905584,"" 
2014-06-04T20:00:00Z,SPY,159.565977784,-1156,Market On Open,Filled,-184458.2703183,"Liquidated" 
2014-06-06T20:00:00Z,SPY,161.158090368,1145,Market On Open,Filled,184526.01347136,"" 
2014-06-10T20:00:00Z,SPY,160.753875256,-1145,Market On Open,Filled,-184063.18716812,"Liquidated" 
2014-06-11T20:00:00Z,SPY,160.597138784,1145,Market On Open,Filled,183883.72390768,"" 
2014-06-17T20:00:00Z,SPY,160.720878104,-1145,Market On Open,Filled,-184025.40542908,"Liquidated" 
2014-06-18T20:00:00Z,SPY,162.065512048,1138,Market On Open,Filled,184430.55271062,"" 
2014-07-07T20:00:00Z,SPY,163.391664128,-1138,Market On Open,Filled,-185939.71377766,"Liquidated" 
2014-07-08T20:00:00Z,SPY,163.0849732,1141,Market On Open,Filled,186079.9544212,"" 
2014-07-11T20:00:00Z,SPY,163.814400272,-1141,Market On Open,Filled,-186912.23071035,"Liquidated" 
2014-07-14T20:00:00Z,SPY,163.897289712,1139,Market On Open,Filled,186679.01298197,"" 
2014-07-25T20:00:00Z,SPY,163.938734432,-1139,Market On Open,Filled,-186726.21851805,"Liquidated" 
2014-07-28T20:00:00Z,SPY,164.295159024,1138,Market On Open,Filled,186967.89096931,"" 
2014-08-15T20:00:00Z,SPY,163.134706864,-1138,Market On Open,Filled,-185647.29641123,"Liquidated" 
2014-08-18T20:00:00Z,SPY,163.99675704,1132,Market On Open,Filled,185644.32896928,"" 
2014-08-20T20:00:00Z,SPY,164.999719264,-1132,Market On Open,Filled,-186779.68220685,"Liquidated" 
2014-08-21T20:00:00Z,SPY,165.215231808,1127,Market On Open,Filled,186197.56624762,"" 
2014-08-26T20:00:00Z,SPY,166.15188248,-1127,Market On Open,Filled,-187253.17155496,"Liquidated" 
2014-09-02T20:00:00Z,SPY,166.89788744,1127,Market On Open,Filled,188093.91914488,"" 
2014-09-08T20:00:00Z,SPY,166.127015648,-1127,Market On Open,Filled,-187225.1466353,"Liquidated" 
2014-09-09T20:00:00Z,SPY,165.331277024,1129,Market On Open,Filled,186659.0117601,"" 
2014-09-17T20:00:00Z,SPY,166.906176384,-1129,Market On Open,Filled,-188437.07313754,"Liquidated" 
2014-09-18T20:00:00Z,SPY,167.845418305,1125,Market On Open,Filled,188826.09559313,"" 
2014-09-30T20:00:00Z,SPY,163.848107425,-1125,Market On Open,Filled,-184329.12085313,"Liquidated" 
2014-10-01T20:00:00Z,SPY,161.707880558,1135,Market On Open,Filled,183538.44443333,"" 
2014-10-09T20:00:00Z,SPY,160.483704101,-1135,Market On Open,Filled,-182149.00415464,"Liquidated" 
2014-10-10T20:00:00Z,SPY,158.593309164,1149,Market On Open,Filled,182223.71222944,"" 
2014-10-15T20:00:00Z,SPY,152.414132762,-1149,Market On Open,Filled,-175123.83854354,"Liquidated" 
2014-10-20T20:00:00Z,SPY,159.64260327,1106,Market On Open,Filled,176564.71921662,"" 
2014-10-22T20:00:00Z,SPY,162.090956184,-1106,Market On Open,Filled,-179272.5975395,"Liquidated" 
2014-10-23T20:00:00Z,SPY,162.582292313,1096,Market On Open,Filled,178190.19237505,"" 
2014-10-27T20:00:00Z,SPY,163.923057004,-1096,Market On Open,Filled,-179659.67047638,"Liquidated" 
2014-10-28T20:00:00Z,SPY,165.380409929,1086,Market On Open,Filled,179603.12518289,"" 
2014-10-31T20:00:00Z,SPY,168.186855276,-1086,Market On Open,Filled,-182650.92482974,"Liquidated" 
2014-11-03T21:00:00Z,SPY,167.570603182,1086,Market On Open,Filled,181981.67505565,"" 
2014-11-05T21:00:00Z,SPY,168.561603171,-1086,Market On Open,Filled,-183057.90104371,"Liquidated" 
2014-11-06T21:00:00Z,SPY,169.186182996,1085,Market On Open,Filled,183567.00855066,"" 
2014-11-10T21:00:00Z,SPY,169.944006517,-1085,Market On Open,Filled,-184389.24707095,"Liquidated" 
2014-11-11T21:00:00Z,SPY,169.344409885,1084,Market On Open,Filled,183569.34031534,"" 
2014-11-18T21:00:00Z,SPY,170.96831743,-1084,Market On Open,Filled,-185329.65609412,"Liquidated" 
2014-11-19T21:00:00Z,SPY,170.093905675,1089,Market On Open,Filled,185232.26328008,"" 
2014-11-26T21:00:00Z,SPY,172.80041825,-1089,Market On Open,Filled,-188179.65547425,"Liquidated" 
2014-12-01T21:00:00Z,SPY,171.38470398,1103,Market On Open,Filled,189037.32848994,"" 
2014-12-03T21:00:00Z,SPY,172.842056905,-1103,Market On Open,Filled,-190644.78876622,"Liquidated" 
2014-12-04T21:00:00Z,SPY,173.116872028,1102,Market On Open,Filled,190774.79297486,"" 
2014-12-08T21:00:00Z,SPY,170.193838447,-1102,Market On Open,Filled,-187553.60996859,"Liquidated" 
2014-12-11T21:00:00Z,SPY,168.761468715,1102,Market On Open,Filled,185975.13852393,"" 
2014-12-18T21:00:00Z,SPY,172.887209064,-1102,Market On Open,Filled,-190521.70438853,"Liquidated" 
2014-12-19T21:00:00Z,SPY,173.096556164,1111,Market On Open,Filled,192310.2738982,"" 
2014-12-30T21:00:00Z,SPY,174.143291664,-1111,Market On Open,Filled,-193473.1970387,"Liquidated" 
2014-12-31T21:00:00Z,SPY,172.83696576,1122,Market On Open,Filled,193923.07558272,"" 
2015-01-09T21:00:00Z,SPY,171.178936728,-1122,Market On Open,Filled,-192062.76700882,"Liquidated" 
2015-01-12T21:00:00Z,SPY,170.95284186,1126,Market On Open,Filled,192492.89993436,"" 
2015-01-23T21:00:00Z,SPY,171.438527132,-1126,Market On Open,Filled,-193039.78155063,"Liquidated" 
2015-01-26T21:00:00Z,SPY,169.9898452,1114,Market On Open,Filled,189368.6875528,"" 
2015-02-05T21:00:00Z,SPY,172.979321788,-1114,Market On Open,Filled,-192698.96447183,"Liquidated" 
2015-02-06T21:00:00Z,SPY,171.472022668,1133,Market On Open,Filled,194277.80168284,"" 
2015-02-13T21:00:00Z,SPY,175.332383192,-1133,Market On Open,Filled,-198651.59015654,"Liquidated" 
2015-02-18T21:00:00Z,SPY,175.374252612,1133,Market On Open,Filled,198699.0282094,"" 
2015-02-23T21:00:00Z,SPY,176.781065124,-1133,Market On Open,Filled,-200292.94678549,"Liquidated" 
2015-02-24T21:00:00Z,SPY,177.224880976,1133,Market On Open,Filled,200795.79014581,"" 
2015-02-26T21:00:00Z,SPY,176.8982995,-1133,Market On Open,Filled,-200425.7733335,"Liquidated" 
2015-02-27T21:00:00Z,SPY,176.513100836,1137,Market On Open,Filled,200695.39565053,"" 
2015-03-18T20:00:00Z,SPY,175.885059536,-1137,Market On Open,Filled,-199981.31269243,"Liquidated" 
2015-03-20T20:00:00Z,SPY,177.005845918,1129,Market On Open,Filled,199839.60004142,"" 
2015-03-24T20:00:00Z,SPY,175.811395026,-1129,Market On Open,Filled,-198491.06498435,"Liquidated" 
2015-03-25T20:00:00Z,SPY,172.404686496,1147,Market On Open,Filled,197748.17541091,"" 
2015-04-06T20:00:00Z,SPY,174.844058036,-1147,Market On Open,Filled,-200546.13456729,"Liquidated" 
2015-04-08T20:00:00Z,SPY,174.810411532,1150,Market On Open,Filled,201031.9732618,"" 
2015-04-10T20:00:00Z,SPY,176.509559984,-1150,Market On Open,Filled,-202985.9939816,"Liquidated" 
2015-04-13T20:00:00Z,SPY,175.685220636,1155,Market On Open,Filled,202916.42983458,"" 
2015-04-24T20:00:00Z,SPY,178.612466484,-1155,Market On Open,Filled,-206297.39878902,"Liquidated" 
2015-04-27T20:00:00Z,SPY,177.241371446,1165,Market On Open,Filled,206486.19773459,"" 
2015-05-05T20:00:00Z,SPY,176.257211204,-1165,Market On Open,Filled,-205339.65105266,"Liquidated" 
2015-05-06T20:00:00Z,SPY,174.886116166,1174,Market On Open,Filled,205316.30037888,"" 
2015-05-19T20:00:00Z,SPY,179.302219816,-1174,Market On Open,Filled,-210500.80606398,"Liquidated" 
2015-05-20T20:00:00Z,SPY,178.948931524,1176,Market On Open,Filled,210443.94347222,"" 
2015-05-22T20:00:00Z,SPY,178.654524614,-1176,Market On Open,Filled,-210097.72094606,"Liquidated" 
2015-05-26T20:00:00Z,SPY,177.678775998,1186,Market On Open,Filled,210727.02833363,"" 
2015-06-03T20:00:00Z,SPY,177.586248112,-1186,Market On Open,Filled,-210617.29026083,"Liquidated" 
2015-06-04T20:00:00Z,SPY,176.585264618,1188,Market On Open,Filled,209783.29436618,"" 
2015-07-06T20:00:00Z,SPY,174.916708113,-1188,Market On Open,Filled,-207801.04923824,"Liquidated" 
2015-07-07T20:00:00Z,SPY,174.417984594,1183,Market On Open,Filled,206336.4757747,"" 
2015-07-14T20:00:00Z,SPY,178.111919811,-1183,Market On Open,Filled,-210706.40113641,"Liquidated" 
2015-07-15T20:00:00Z,SPY,179.050196262,1193,Market On Open,Filled,213606.88414057,"" 
2015-07-20T20:00:00Z,SPY,179.582731545,-1193,Market On Open,Filled,-214242.19873319,"Liquidated" 
2015-07-21T20:00:00Z,SPY,178.280978631,1190,Market On Open,Filled,212154.36457089,"" 
2015-07-29T20:00:00Z,SPY,177.68081982,-1190,Market On Open,Filled,-211440.1755858,"Liquidated" 
2015-07-30T20:00:00Z,SPY,178.728984504,1192,Market On Open,Filled,213044.94952877,"" 
2015-08-18T20:00:00Z,SPY,176.75099631,-1192,Market On Open,Filled,-210687.18760152,"Liquidated" 
2015-08-19T20:00:00Z,SPY,174.587043414,1192,Market On Open,Filled,208107.75574949,"" 
2015-08-28T20:00:00Z,SPY,167.486572974,-1192,Market On Open,Filled,-199643.99498501,"Liquidated" 
2015-09-24T20:00:00Z,SPY,165.363736746,1229,Market On Open,Filled,203232.03246083,"" 
2015-10-01T20:00:00Z,SPY,161.23410435,-1229,Market On Open,Filled,-198156.71424615,"Liquidated" 
2015-10-06T20:00:00Z,SPY,168.96654361,1169,Market On Open,Filled,197521.88948009,"" 
2015-10-09T20:00:00Z,SPY,171.158817598,-1169,Market On Open,Filled,-200084.65777206,"Liquidated" 
2015-10-12T20:00:00Z,SPY,170.479042718,1162,Market On Open,Filled,198096.64763832,"" 
2015-10-14T20:00:00Z,SPY,169.98620593,-1162,Market On Open,Filled,-197523.97129066,"Liquidated" 
2015-10-15T20:00:00Z,SPY,172.339926452,1154,Market On Open,Filled,198880.27512561,"" 
2015-10-19T20:00:00Z,SPY,172.373915196,-1154,Market On Open,Filled,-198919.49813618,"Liquidated" 
2015-10-21T20:00:00Z,SPY,172.4928758,1157,Market On Open,Filled,199574.2573006,"" 
2015-10-26T20:00:00Z,SPY,175.21197532,-1157,Market On Open,Filled,-202720.25544524,"Liquidated" 
2015-10-27T20:00:00Z,SPY,175.8917502,1148,Market On Open,Filled,201923.7292296,"" 
2015-10-29T20:00:00Z,SPY,177.650667702,-1148,Market On Open,Filled,-203942.9665219,"Liquidated" 
2015-10-30T20:00:00Z,SPY,177.047367496,1152,Market On Open,Filled,203958.56735539,"" 
2015-11-09T21:00:00Z,SPY,176.350598244,-1152,Market On Open,Filled,-203155.88917709,"Liquidated" 
2015-11-10T21:00:00Z,SPY,177.50621554,1144,Market On Open,Filled,203067.11057776,"" 
2015-11-12T21:00:00Z,SPY,173.648493096,-1144,Market On Open,Filled,-198653.87610182,"Liquidated" 
2015-11-13T21:00:00Z,SPY,171.89807278,1152,Market On Open,Filled,198026.57984256,"" 
2015-11-20T21:00:00Z,SPY,177.93107484,-1152,Market On Open,Filled,-204976.59821568,"Liquidated" 
2015-11-23T21:00:00Z,SPY,176.631005382,1155,Market On Open,Filled,204008.81121621,"" 
2015-11-25T21:00:00Z,SPY,177.93107484,-1155,Market On Open,Filled,-205510.3914402,"Liquidated" 
2015-11-30T21:00:00Z,SPY,177.948069212,1166,Market On Open,Filled,207487.44870119,"" 
2015-12-02T21:00:00Z,SPY,177.50621554,-1166,Market On Open,Filled,-206972.24731964,"Liquidated" 
2015-12-03T21:00:00Z,SPY,175.12700346,1181,Market On Open,Filled,206824.99108626,"" 
2015-12-16T21:00:00Z,SPY,177.055864682,-1181,Market On Open,Filled,-209102.97618944,"Liquidated" 
2015-12-18T21:00:00Z,SPY,172.184237299,1219,Market On Open,Filled,209892.58526748,"" 
2015-12-23T21:00:00Z,SPY,175.851369196,-1219,Market On Open,Filled,-214362.81904992,"Liquidated" 
2015-12-29T21:00:00Z,SPY,177.022457937,1201,Market On Open,Filled,212603.97198234,"" 
2016-01-05T21:00:00Z,SPY,169.534328469,-1201,Market On Open,Filled,-203610.72849127,"Liquidated" 
2016-01-06T21:00:00Z,SPY,166.961352476,1200,Market On Open,Filled,200353.6229712,"" 
2016-01-22T21:00:00Z,SPY,162.336834163,-1200,Market On Open,Filled,-194804.2009956,"Liquidated" 
2016-01-25T21:00:00Z,SPY,161.080264492,1237,Market On Open,Filled,199256.2871766,"" 
2016-02-05T21:00:00Z,SPY,158.780827475,-1237,Market On Open,Filled,-196411.88358657,"Liquidated" 
2016-02-08T21:00:00Z,SPY,156.754929434,1234,Market On Open,Filled,193435.58292156,"" 
2016-02-10T21:00:00Z,SPY,155.900120134,-1234,Market On Open,Filled,-192380.74824536,"Liquidated" 
2016-02-11T21:00:00Z,SPY,158.079883849,1243,Market On Open,Filled,196493.29562431,"" 
2016-02-16T21:00:00Z,SPY,163.371153416,-1243,Market On Open,Filled,-203070.34369609,"Liquidated" 
2016-02-19T21:00:00Z,SPY,165.74752327,1225,Market On Open,Filled,203040.71600575,"" 
2016-02-25T21:00:00Z,SPY,167.987123636,-1225,Market On Open,Filled,-205784.2264541,"Liquidated" 
2016-02-26T21:00:00Z,SPY,166.756198244,1222,Market On Open,Filled,203776.07425417,"" 
2016-03-02T21:00:00Z,SPY,169.85060791,-1222,Market On Open,Filled,-207557.44286602,"Liquidated" 
2016-03-03T21:00:00Z,SPY,170.96186,1215,Market On Open,Filled,207718.6599,"" 
2016-03-08T21:00:00Z,SPY,170.414782048,-1215,Market On Open,Filled,-207053.96018832,"Liquidated" 
2016-03-09T21:00:00Z,SPY,170.87637907,1213,Market On Open,Filled,207273.04781191,"" 
2016-03-11T21:00:00Z,SPY,172.84244046,-1213,Market On Open,Filled,-209657.88027798,"Liquidated" 
2016-03-15T20:00:00Z,SPY,172.346651066,1210,Market On Open,Filled,208539.44778986,"" 
2016-03-23T20:00:00Z,SPY,173.544164908,-1210,Market On Open,Filled,-209988.43953868,"Liquidated" 
2016-03-24T20:00:00Z,SPY,174.953276852,1207,Market On Open,Filled,211168.60516036,"" 
2016-03-29T20:00:00Z,SPY,177.29893271,-1207,Market On Open,Filled,-213999.81178097,"Liquidated" 
2016-03-31T20:00:00Z,SPY,175.58050351,1209,Market On Open,Filled,212276.82874359,"" 
2016-04-04T20:00:00Z,SPY,175.829675744,-1209,Market On Open,Filled,-212578.0779745,"Liquidated" 
2016-04-05T20:00:00Z,SPY,175.511766342,1219,Market On Open,Filled,213948.8431709,"" 
2016-04-13T20:00:00Z,SPY,178.742413238,-1219,Market On Open,Filled,-217887.00173712,"Liquidated" 
2016-04-14T20:00:00Z,SPY,178.7166368,1218,Market On Open,Filled,217676.8636224,"" 
2016-04-19T20:00:00Z,SPY,180.34914454,-1218,Market On Open,Filled,-219665.25804972,"Liquidated" 
2016-04-20T20:00:00Z,SPY,180.546763898,1217,Market On Open,Filled,219725.41166387,"" 
2016-04-22T20:00:00Z,SPY,178.957216888,-1217,Market On Open,Filled,-217790.9329527,"Liquidated" 
2016-04-26T20:00:00Z,SPY,179.111875516,1212,Market On Open,Filled,217083.59312539,"" 
2016-05-04T20:00:00Z,SPY,176.628745322,-1212,Market On Open,Filled,-214074.03933026,"Liquidated" 
2016-05-05T20:00:00Z,SPY,175.314146984,1219,Market On Open,Filled,213707.9451735,"" 
2016-05-20T20:00:00Z,SPY,176.551416008,-1219,Market On Open,Filled,-215216.17611375,"Liquidated" 
2016-05-23T20:00:00Z,SPY,177.12708979,1226,Market On Open,Filled,217157.81208254,"" 
2016-06-08T20:00:00Z,SPY,181.715295754,-1226,Market On Open,Filled,-222782.9525944,"Liquidated" 
2016-06-09T20:00:00Z,SPY,180.804528278,1217,Market On Open,Filled,220039.11091433,"" 
2016-06-16T20:00:00Z,SPY,178.905098738,-1217,Market On Open,Filled,-217727.50516415,"Liquidated" 
2016-06-20T20:00:00Z,SPY,179.872433442,1222,Market On Open,Filled,219804.11366612,"" 
2016-06-30T20:00:00Z,SPY,180.762035893,-1222,Market On Open,Filled,-220891.20786125,"Liquidated" 
2016-07-05T20:00:00Z,SPY,179.535593679,1225,Market On Open,Filled,219931.10225677,"" 
2016-07-07T20:00:00Z,SPY,182.2389487,-1225,Market On Open,Filled,-223242.7121575,"Liquidated" 
2016-07-08T20:00:00Z,SPY,184.104522772,1218,Market On Open,Filled,224239.3087363,"" 
2016-07-12T20:00:00Z,SPY,186.056466014,-1218,Market On Open,Filled,-226616.77560505,"Liquidated" 
2016-07-13T20:00:00Z,SPY,186.851062378,1218,Market On Open,Filled,227584.5939764,"" 
2016-07-25T20:00:00Z,SPY,187.015163801,-1218,Market On Open,Filled,-227784.46950962,"Liquidated" 
2016-07-26T20:00:00Z,SPY,187.567926489,1209,Market On Open,Filled,226769.6231252,"" 
2016-07-29T20:00:00Z,SPY,187.550652655,-1209,Market On Open,Filled,-226748.73905989,"Liquidated" 
2016-08-01T20:00:00Z,SPY,187.110169888,1208,Market On Open,Filled,226029.0852247,"" 
2016-08-10T20:00:00Z,SPY,188.500713525,-1208,Market On Open,Filled,-227708.8619382,"Liquidated" 
2016-08-11T20:00:00Z,SPY,188.509350442,1207,Market On Open,Filled,227530.78598349,"" 
2016-08-15T20:00:00Z,SPY,188.768457952,-1207,Market On Open,Filled,-227843.52874806,"Liquidated" 
2016-08-16T20:00:00Z,SPY,188.267516766,1213,Market On Open,Filled,228368.49783716,"" 
2016-08-19T20:00:00Z,SPY,188.500713525,-1213,Market On Open,Filled,-228651.36550583,"Liquidated" 
2016-08-22T20:00:00Z,SPY,189.347131391,1211,Market On Open,Filled,229299.3761145,"" 
2016-09-07T20:00:00Z,SPY,188.80300562,-1211,Market On Open,Filled,-228640.43980582,"Liquidated" 
2016-09-08T20:00:00Z,SPY,187.4210989,1207,Market On Open,Filled,226217.2663723,"" 
2016-09-22T20:00:00Z,SPY,188.140473837,-1207,Market On Open,Filled,-227085.55192126,"Liquidated" 
2016-09-23T20:00:00Z,SPY,186.656045238,1220,Market On Open,Filled,227720.37519036,"" 
2016-09-28T20:00:00Z,SPY,187.845324291,-1220,Market On Open,Filled,-229171.29563502,"Liquidated" 
2016-09-29T20:00:00Z,SPY,187.220301723,1235,Market On Open,Filled,231217.0726279,"" 
2016-10-07T20:00:00Z,SPY,187.628302566,-1235,Market On Open,Filled,-231720.95366901,"Liquidated" 
2016-10-10T20:00:00Z,SPY,187.194259116,1229,Market On Open,Filled,230061.74445356,"" 
2016-10-13T20:00:00Z,SPY,185.892128766,-1229,Market On Open,Filled,-228461.42625341,"Liquidated" 
2016-10-14T20:00:00Z,SPY,184.963275783,1238,Market On Open,Filled,228984.53541935,"" 
2016-10-19T20:00:00Z,SPY,185.640383565,-1238,Market On Open,Filled,-229822.79485347,"Liquidated" 
2016-10-21T20:00:00Z,SPY,186.621321762,1238,Market On Open,Filled,231037.19634136,"" 
2016-10-27T20:00:00Z,SPY,185.015360997,-1238,Market On Open,Filled,-229049.01691429,"Liquidated" 
2016-10-28T20:00:00Z,SPY,184.859105355,1235,Market On Open,Filled,228300.99511342,"" 
2016-11-01T20:00:00Z,SPY,182.879867223,-1235,Market On Open,Filled,-225856.63602041,"Liquidated" 
2016-11-02T20:00:00Z,SPY,182.306929869,1238,Market On Open,Filled,225695.97917782,"" 
2016-11-09T21:00:00Z,SPY,188.678687715,-1238,Market On Open,Filled,-233584.21539117,"Liquidated" 
2016-11-11T21:00:00Z,SPY,188.366176431,1242,Market On Open,Filled,233950.7911273,"" 
2016-11-15T21:00:00Z,SPY,188.826262488,-1242,Market On Open,Filled,-234522.2180101,"Liquidated" 
2016-11-17T21:00:00Z,SPY,190.145754576,1230,Market On Open,Filled,233879.27812848,"" 
2016-11-23T21:00:00Z,SPY,191.951375328,-1230,Market On Open,Filled,-236100.19165344,"Liquidated" 
2016-11-28T21:00:00Z,SPY,191.482608402,1233,Market On Open,Filled,236098.05615967,"" 
2016-12-14T21:00:00Z,SPY,196.300490697,-1233,Market On Open,Filled,-242038.5050294,"Liquidated" 
2016-12-15T21:00:00Z,SPY,197.336140326,1229,Market On Open,Filled,242526.11646065,"" 
2017-01-06T21:00:00Z,SPY,198.13075906,-1229,Market On Open,Filled,-243502.70288474,"Liquidated" 
2017-01-09T21:00:00Z,SPY,197.755279878,1228,Market On Open,Filled,242843.48369018,"" 
2017-01-12T21:00:00Z,SPY,197.99977795,-1228,Market On Open,Filled,-243143.7273226,"Liquidated" 
2017-01-13T21:00:00Z,SPY,197.60683462,1227,Market On Open,Filled,242463.58607874,"" 
2017-01-18T21:00:00Z,SPY,198.069634542,-1227,Market On Open,Filled,-243031.44158303,"Liquidated" 
2017-01-19T21:00:00Z,SPY,197.982313802,1236,Market On Open,Filled,244706.13985927,"" 
2017-01-24T21:00:00Z,SPY,199.70253238,-1236,Market On Open,Filled,-246832.33002168,"Liquidated" 
2017-01-25T21:00:00Z,SPY,200.331241708,1226,Market On Open,Filled,245606.10233401,"" 
2017-02-06T21:00:00Z,SPY,200.278849264,-1226,Market On Open,Filled,-245541.86919766,"Liquidated" 
2017-02-07T21:00:00Z,SPY,199.606479566,1229,Market On Open,Filled,245316.36338661,"" 
2017-02-15T21:00:00Z,SPY,205.142614482,-1229,Market On Open,Filled,-252120.27319838,"Liquidated" 
2017-02-16T21:00:00Z,SPY,204.304335378,1232,Market On Open,Filled,251702.9411857,"" 
2017-02-22T21:00:00Z,SPY,206.86283306,-1232,Market On Open,Filled,-254855.01032992,"Liquidated" 
2017-02-23T21:00:00Z,SPY,205.570486108,1238,Market On Open,Filled,254496.2618017,"" 
2017-02-27T21:00:00Z,SPY,206.696923654,-1238,Market On Open,Filled,-255890.79148365,"Liquidated" 
2017-02-28T21:00:00Z,SPY,208.17264416,1245,Market On Open,Filled,259174.9419792,"" 
2017-03-16T20:00:00Z,SPY,208.514381775,-1245,Market On Open,Filled,-259600.40530988,"Liquidated" 
2017-03-17T20:00:00Z,SPY,207.865378021,1239,Market On Open,Filled,257545.20336802,"" 
2017-03-24T20:00:00Z,SPY,203.445136237,-1239,Market On Open,Filled,-252068.52379764,"Liquidated" 
2017-03-27T20:00:00Z,SPY,204.629129572,1230,Market On Open,Filled,251693.82937356,"" 
2017-03-29T20:00:00Z,SPY,206.54105955,-1230,Market On Open,Filled,-254045.5032465,"Liquidated" 
2017-03-30T20:00:00Z,SPY,206.900642711,1227,Market On Open,Filled,253867.0886064,"" 
2017-04-03T20:00:00Z,SPY,206.1025435,-1227,Market On Open,Filled,-252887.8208745,"Liquidated" 
2017-04-04T20:00:00Z,SPY,207.207603946,1227,Market On Open,Filled,254243.73004174,"" 
2017-04-19T20:00:00Z,SPY,205.348295894,-1227,Market On Open,Filled,-251962.35906194,"Liquidated" 
2017-04-20T20:00:00Z,SPY,206.295490562,1216,Market On Open,Filled,250855.31652339,"" 
2017-04-27T20:00:00Z,SPY,209.549279653,-1216,Market On Open,Filled,-254811.92405805,"Liquidated" 
2017-04-28T20:00:00Z,SPY,209.312480986,1221,Market On Open,Filled,255570.53928391,"" 
2017-05-08T20:00:00Z,SPY,210.435082074,-1221,Market On Open,Filled,-256941.23521235,"Liquidated" 
2017-05-09T20:00:00Z,SPY,209.935173777,1221,Market On Open,Filled,256330.84718172,"" 
2017-05-22T20:00:00Z,SPY,210.470163358,-1221,Market On Open,Filled,-256984.06946012,"Liquidated" 
2017-05-23T20:00:00Z,SPY,210.777124593,1221,Market On Open,Filled,257358.86912805,"" 
2017-05-25T20:00:00Z,SPY,211.882185039,-1221,Market On Open,Filled,-258708.14793262,"Liquidated" 
2017-05-26T20:00:00Z,SPY,211.645386372,1219,Market On Open,Filled,257995.72598747,"" 
2017-07-11T20:00:00Z,SPY,214.428640711,-1219,Market On Open,Filled,-261388.51302671,"Liquidated" 
2017-07-12T20:00:00Z,SPY,215.054362362,1217,Market On Open,Filled,261721.15899455,"" 
2017-07-14T20:00:00Z,SPY,216.305805664,-1217,Market On Open,Filled,-263244.16549309,"Liquidated" 
2017-07-18T20:00:00Z,SPY,216.808145581,1216,Market On Open,Filled,263638.7050265,"" 
2017-07-20T20:00:00Z,SPY,217.178290783,-1216,Market On Open,Filled,-264088.80159213,"Liquidated" 
2017-07-21T20:00:00Z,SPY,217.513184061,1212,Market On Open,Filled,263625.97908193,"" 
2017-07-28T20:00:00Z,SPY,218.015523978,-1212,Market On Open,Filled,-264234.81506134,"Liquidated" 
2017-07-31T20:00:00Z,SPY,218.077214845,1215,Market On Open,Filled,264963.81603668,"" 
2017-08-03T20:00:00Z,SPY,218.138905712,-1215,Market On Open,Filled,-265038.77044008,"Liquidated" 
2017-08-04T20:00:00Z,SPY,218.12127975,1212,Market On Open,Filled,264362.991057,"" 
2017-08-09T20:00:00Z,SPY,217.06372203,-1212,Market On Open,Filled,-263081.23110036,"Liquidated" 
2017-08-10T20:00:00Z,SPY,215.0367364,1224,Market On Open,Filled,263204.9653536,"" 
2017-08-15T20:00:00Z,SPY,217.759947529,-1224,Market On Open,Filled,-266538.1757755,"Liquidated" 
2017-08-16T20:00:00Z,SPY,217.028470106,1224,Market On Open,Filled,265642.84740974,"" 
2017-08-29T20:00:00Z,SPY,215.794652766,-1224,Market On Open,Filled,-264132.65498558,"Liquidated" 
2017-08-31T20:00:00Z,SPY,218.544302838,1214,Market On Open,Filled,265312.78364533,"" 
2017-09-05T20:00:00Z,SPY,217.566061947,-1214,Market On Open,Filled,-264125.19920366,"Liquidated" 
2017-09-06T20:00:00Z,SPY,217.918581187,1211,Market On Open,Filled,263899.40181746,"" 
2017-09-11T20:00:00Z,SPY,220.007257684,-1211,Market On Open,Filled,-266428.78905532,"Liquidated" 
2017-09-12T20:00:00Z,SPY,220.086574513,1208,Market On Open,Filled,265864.5820117,"" 
2017-09-20T20:00:00Z,SPY,221.298339993,-1208,Market On Open,Filled,-267328.39471154,"Liquidated" 
2017-09-21T20:00:00Z,SPY,220.580960334,1211,Market On Open,Filled,267123.54296447,"" 
2017-09-29T20:00:00Z,SPY,222.74195585,-1211,Market On Open,Filled,-269740.50853435,"Liquidated" 
2017-10-02T20:00:00Z,SPY,223.609896672,1209,Market On Open,Filled,270344.36507645,"" 
2017-10-05T20:00:00Z,SPY,225.097795224,-1209,Market On Open,Filled,-272143.23442582,"Liquidated" 
2017-10-09T20:00:00Z,SPY,225.478626401,1209,Market On Open,Filled,272603.65931881,"" 
2017-10-12T20:00:00Z,SPY,225.974592585,-1209,Market On Open,Filled,-273203.28243527,"Liquidated" 
2017-10-13T20:00:00Z,SPY,226.01887528,1207,Market On Open,Filled,272804.78246296,"" 
2017-10-31T20:00:00Z,SPY,228.58727159,-1207,Market On Open,Filled,-275904.83680913,"Liquidated" 
2017-11-01T20:00:00Z,SPY,227.993883477,1209,Market On Open,Filled,275644.60512369,"" 
2017-11-03T20:00:00Z,SPY,228.773258909,-1209,Market On Open,Filled,-276586.87002098,"Liquidated" 
2017-11-06T21:00:00Z,SPY,229.3843601,1206,Market On Open,Filled,276637.5382806,"" 
2017-11-09T21:00:00Z,SPY,228.241866569,-1206,Market On Open,Filled,-275259.69108221,"Liquidated" 
2017-11-10T21:00:00Z,SPY,227.896461548,1204,Market On Open,Filled,274387.33970379,"" 
2017-11-15T21:00:00Z,SPY,228.073592328,-1204,Market On Open,Filled,-274600.60516291,"Liquidated" 
2017-11-16T21:00:00Z,SPY,228.67583698,1202,Market On Open,Filled,274868.35604996,"" 
2017-11-20T21:00:00Z,SPY,229.552634341,-1202,Market On Open,Filled,-275922.26647788,"Liquidated" 
2017-11-21T21:00:00Z,SPY,230.332009773,1200,Market On Open,Filled,276398.4117276,"" 
2017-11-29T21:00:00Z,SPY,233.63549882,-1200,Market On Open,Filled,-280362.598584,"Liquidated" 
2017-11-30T21:00:00Z,SPY,234.52115272,1194,Market On Open,Filled,280018.25634768,"" 
2017-12-07T21:00:00Z,SPY,234.6982835,-1194,Market On Open,Filled,-280229.750499,"Liquidated" 
2017-12-08T21:00:00Z,SPY,235.22967584,1193,Market On Open,Filled,280629.00327712,"" 
2017-12-18T21:00:00Z,SPY,239.030609312,-1193,Market On Open,Filled,-285163.51690922,"Liquidated" 
2017-12-19T21:00:00Z,SPY,238.7991544,1198,Market On Open,Filled,286081.3869712,"" 
2018-01-04T21:00:00Z,SPY,242.635964672,-1198,Market On Open,Filled,-290677.88567706,"Liquidated" 
2018-01-05T21:00:00Z,SPY,243.312525184,1190,Market On Open,Filled,289541.90496896,"" 
2018-01-09T21:00:00Z,SPY,243.659707552,-1190,Market On Open,Filled,-289955.05198688,"Liquidated" 
2018-01-10T21:00:00Z,SPY,244.5855272,1188,Market On Open,Filled,290567.6063136,"" 
2018-01-29T21:00:00Z,SPY,252.10781184,-1188,Market On Open,Filled,-299504.08046592,"Liquidated" 
2018-01-30T21:00:00Z,SPY,251.7072168,1192,Market On Open,Filled,300035.0024256,"" 
2018-02-13T21:00:00Z,SPY,235.37184128,-1192,Market On Open,Filled,-280563.23480576,"Liquidated" 
2018-03-06T21:00:00Z,SPY,240.704206368,1150,Market On Open,Filled,276809.8373232,"" 
2018-03-09T21:00:00Z,SPY,248.54696704,-1150,Market On Open,Filled,-285829.012096,"Liquidated" 
2018-03-13T20:00:00Z,SPY,247.309573472,1171,Market On Open,Filled,289599.51053571,"" 
2018-04-02T20:00:00Z,SPY,231.419174688,-1171,Market On Open,Filled,-270991.85355965,"Liquidated" 
2018-04-03T20:00:00Z,SPY,229.488596064,1158,Market On Open,Filled,265747.79424211,"" 
2018-04-05T20:00:00Z,SPY,235.441213488,-1158,Market On Open,Filled,-272640.9252191,"Liquidated" 
2018-04-06T20:00:00Z,SPY,233.608951368,1192,Market On Open,Filled,278461.87003066,"" 
2018-04-11T20:00:00Z,SPY,237.103656192,-1192,Market On Open,Filled,-282627.55818086,"Liquidated" 
2018-04-12T20:00:00Z,SPY,239.04317268,1182,Market On Open,Filled,282549.03010776,"" 
2018-04-18T20:00:00Z,SPY,240.955875576,-1182,Market On Open,Filled,-284809.84493083,"Liquidated" 
2018-04-19T20:00:00Z,SPY,240.312349368,1178,Market On Open,Filled,283087.9475555,"" 
2018-04-27T20:00:00Z,SPY,238.873353264,-1178,Market On Open,Filled,-281392.81014499,"Liquidated" 
2018-04-30T20:00:00Z,SPY,235.843417368,1190,Market On Open,Filled,280653.66666792,"" 
2018-05-07T20:00:00Z,SPY,238.176199872,-1190,Market On Open,Filled,-283429.67784768,"Liquidated" 
2018-05-08T20:00:00Z,SPY,239.239805688,1191,Market On Open,Filled,284934.60857441,"" 
2018-05-11T20:00:00Z,SPY,244.307574576,-1191,Market On Open,Filled,-290970.32132002,"Liquidated" 
2018-05-14T20:00:00Z,SPY,242.680883328,1189,Market On Open,Filled,288547.57027699,"" 
2018-05-16T20:00:00Z,SPY,243.047335752,-1189,Market On Open,Filled,-288983.28220913,"Liquidated" 
2018-05-17T20:00:00Z,SPY,242.761324104,1195,Market On Open,Filled,290099.78230428,"" 
2018-05-22T20:00:00Z,SPY,242.385933816,-1195,Market On Open,Filled,-289651.19091012,"Liquidated" 
2018-05-23T20:00:00Z,SPY,243.95899788,1188,Market On Open,Filled,289823.28948144,"" 
2018-05-31T20:00:00Z,SPY,243.547856136,-1188,Market On Open,Filled,-289334.85308957,"Liquidated" 
2018-06-01T20:00:00Z,SPY,245.353304664,1184,Market On Open,Filled,290498.31272218,"" 
2018-06-05T20:00:00Z,SPY,246.59566776,-1184,Market On Open,Filled,-291969.27062784,"Liquidated" 
2018-06-06T20:00:00Z,SPY,248.454743472,1174,Market On Open,Filled,291685.86883613,"" 
2018-06-18T20:00:00Z,SPY,245.982723546,-1174,Market On Open,Filled,-288783.717443,"Liquidated" 
2018-06-19T20:00:00Z,SPY,248.038714629,1165,Market On Open,Filled,288965.10254278,"" 
2018-06-25T20:00:00Z,SPY,243.854907447,-1165,Market On Open,Filled,-284090.96717576,"Liquidated" 
2018-06-26T20:00:00Z,SPY,244.447463829,1162,Market On Open,Filled,284047.9529693,"" 
2018-07-09T20:00:00Z,SPY,249.95105568,-1162,Market On Open,Filled,-290443.12670016,"Liquidated" 
2018-07-10T20:00:00Z,SPY,248.846746059,1157,Market On Open,Filled,287915.68519026,"" 
2018-07-18T20:00:00Z,SPY,251.665877937,-1157,Market On Open,Filled,-291177.42077311,"Liquidated" 
2018-07-19T20:00:00Z,SPY,251.20799346,1165,Market On Open,Filled,292657.3123809,"" 
2018-07-24T20:00:00Z,SPY,252.617559399,-1165,Market On Open,Filled,-294299.45669984,"Liquidated" 
2018-07-25T20:00:00Z,SPY,254.215666005,1155,Market On Open,Filled,293619.09423578,"" 
2018-08-01T20:00:00Z,SPY,250.884780888,-1155,Market On Open,Filled,-289771.92192564,"Liquidated" 
2018-08-02T20:00:00Z,SPY,253.676978385,1147,Market On Open,Filled,290967.4942076,"" 
2018-08-09T20:00:00Z,SPY,254.458075434,-1147,Market On Open,Filled,-291863.4125228,"Liquidated" 
2018-08-10T20:00:00Z,SPY,254.520922323,1147,Market On Open,Filled,291935.49790448,"" 
2018-08-21T20:00:00Z,SPY,256.675672803,-1147,Market On Open,Filled,-294406.99670504,"Liquidated" 
2018-08-22T20:00:00Z,SPY,256.720563438,1144,Market On Open,Filled,293688.32457307,"" 
2018-08-24T20:00:00Z,SPY,259.342176522,-1144,Market On Open,Filled,-296687.44994117,"Liquidated" 
2018-08-27T20:00:00Z,SPY,260.63502681,1142,Market On Open,Filled,297645.20061702,"" 
2018-08-29T20:00:00Z,SPY,261.209626938,-1142,Market On Open,Filled,-298301.3939632,"Liquidated" 
2018-08-31T20:00:00Z,SPY,260.231011095,1142,Market On Open,Filled,297183.81467049,"" 
2018-10-01T20:00:00Z,SPY,262.966574802,-1142,Market On Open,Filled,-300307.82842388,"Liquidated" 
2018-10-02T20:00:00Z,SPY,264.021796164,1144,Market On Open,Filled,302040.93481162,"" 
2018-10-04T20:00:00Z,SPY,261.23492949,-1144,Market On Open,Filled,-298852.75933656,"Liquidated" 
2018-10-05T20:00:00Z,SPY,258.899012116,1146,Market On Open,Filled,296698.26788494,"" 
2018-10-17T20:00:00Z,SPY,251.999487826,-1146,Market On Open,Filled,-288791.4130486,"Liquidated" 
2018-10-18T20:00:00Z,SPY,249.970215976,1162,Market On Open,Filled,290465.39096411,"" 
2018-10-23T20:00:00Z,SPY,246.515944338,-1162,Market On Open,Filled,-286451.52732076,"Liquidated" 
2018-10-24T20:00:00Z,SPY,241.086514766,1194,Market On Open,Filled,287857.2986306,"" 
2018-11-01T20:00:00Z,SPY,247.79664035,-1194,Market On Open,Filled,-295869.1885779,"Liquidated" 
2018-11-05T21:00:00Z,SPY,246.543001296,1191,Market On Open,Filled,293632.71454354,"" 
2018-11-07T21:00:00Z,SPY,252.630816846,-1191,Market On Open,Filled,-300883.30286359,"Liquidated" 
2018-11-09T21:00:00Z,SPY,250.042367864,1201,Market On Open,Filled,300300.88380466,"" 
2018-11-16T21:00:00Z,SPY,246.371640562,-1201,Market On Open,Filled,-295892.34031496,"Liquidated" 
2018-11-19T21:00:00Z,SPY,239.372907426,1222,Market On Open,Filled,292513.69287457,"" 
2018-11-28T21:00:00Z,SPY,246.858665806,-1222,Market On Open,Filled,-301661.28961493,"Liquidated" 
2018-11-30T21:00:00Z,SPY,252.874329468,1229,Market On Open,Filled,310782.55091617,"" 
2018-12-14T21:00:00Z,SPY,233.943477854,-1229,Market On Open,Filled,-287516.53428257,"Liquidated" 
2018-12-17T21:00:00Z,SPY,231.959300934,1226,Market On Open,Filled,284382.10294508,"" 
2018-12-27T21:00:00Z,SPY,226.546764964,-1226,Market On Open,Filled,-277746.33384586,"Liquidated" 
2019-01-28T21:00:00Z,SPY,239.428533524,1152,Market On Open,Filled,275821.67061965,"" 
2019-02-01T21:00:00Z,SPY,245.062039352,-1152,Market On Open,Filled,-282311.4693335,"Liquidated" 
2019-02-04T21:00:00Z,SPY,247.175737996,1144,Market On Open,Filled,282769.04426742,"" 
2019-02-06T21:00:00Z,SPY,245.778701124,-1144,Market On Open,Filled,-281170.83408586,"Liquidated" 
2019-02-07T21:00:00Z,SPY,243.773862496,1145,Market On Open,Filled,279121.07255792,"" 
2019-02-14T21:00:00Z,SPY,250.722760184,-1145,Market On Open,Filled,-287077.56041068,"Liquidated" 
2019-02-15T21:00:00Z,SPY,250.849763536,1147,Market On Open,Filled,287724.67877579,"" 
2019-03-06T21:00:00Z,SPY,251.140056912,-1147,Market On Open,Filled,-288057.64527806,"Liquidated" 
2019-03-07T21:00:00Z,SPY,247.583963056,1158,Market On Open,Filled,286702.22921885,"" 
2019-03-12T20:00:00Z,SPY,254.451215732,-1158,Market On Open,Filled,-294654.50781766,"Liquidated" 
2019-03-13T20:00:00Z,SPY,255.213235844,1163,Market On Open,Filled,296812.99328657,"" 
2019-03-15T20:00:00Z,SPY,256.51971939,-1163,Market On Open,Filled,-298332.43365057,"Liquidated" 
2019-03-18T20:00:00Z,SPY,258.30559887,1159,Market On Open,Filled,299376.18909033,"" 
2019-03-22T20:00:00Z,SPY,254.11424907,-1159,Market On Open,Filled,-294518.41467213,"Liquidated" 
2019-03-25T20:00:00Z,SPY,256.00946811,1154,Market On Open,Filled,295434.92619894,"" 
2019-03-27T20:00:00Z,SPY,255.45365868,-1154,Market On Open,Filled,-294793.52211672,"Liquidated" 
2019-03-28T20:00:00Z,SPY,257.32154283,1145,Market On Open,Filled,294633.16654035,"" 
2019-04-02T20:00:00Z,SPY,261.80446479,-1145,Market On Open,Filled,-299766.11218455,"Liquidated" 
2019-04-03T20:00:00Z,SPY,261.3215484,1141,Market On Open,Filled,298167.8867244,"" 
2019-04-08T20:00:00Z,SPY,262.15981836,-1141,Market On Open,Filled,-299124.35274876,"Liquidated" 
2019-04-09T20:00:00Z,SPY,262.20537651,1141,Market On Open,Filled,299176.33459791,"" 
2019-04-16T20:00:00Z,SPY,265.52200983,-1141,Market On Open,Filled,-302960.61321603,"Liquidated" 
2019-04-17T20:00:00Z,SPY,264.34660956,1147,Market On Open,Filled,303205.56116532,"" 
2019-04-23T20:00:00Z,SPY,266.75207988,-1147,Market On Open,Filled,-305964.63562236,"Liquidated" 
2019-04-24T20:00:00Z,SPY,266.16893556,1147,Market On Open,Filled,305295.76908732,"" 
2019-04-29T20:00:00Z,SPY,267.44456376,-1147,Market On Open,Filled,-306758.91463272,"Liquidated" 
2019-04-30T20:00:00Z,SPY,268.57440588,1145,Market On Open,Filled,307517.6947326,"" 
2019-05-06T20:00:00Z,SPY,264.37394445,-1145,Market On Open,Filled,-302708.16639525,"Liquidated" 
2019-05-08T20:00:00Z,SPY,259.8636876,1152,Market On Open,Filled,299362.9681152,"" 
2019-05-10T20:00:00Z,SPY,257.30331957,-1152,Market On Open,Filled,-296413.42414464,"Liquidated" 
2019-05-13T20:00:00Z,SPY,256.95707763,1168,Market On Open,Filled,300125.86667184,"" 
2019-05-16T20:00:00Z,SPY,259.79990619,-1168,Market On Open,Filled,-303446.29042992,"Liquidated" 
2019-05-17T20:00:00Z,SPY,258.82496178,1161,Market On Open,Filled,300495.78062658,"" 
2019-05-23T20:00:00Z,SPY,258.54250125,-1161,Market On Open,Filled,-300167.84395125,"Liquidated" 
2019-05-24T20:00:00Z,SPY,257.86824063,1172,Market On Open,Filled,302221.57801836,"" 
2019-06-06T20:00:00Z,SPY,260.54705985,-1172,Market On Open,Filled,-305361.1541442,"Liquidated" 
2019-06-11T20:00:00Z,SPY,262.99808832,1159,Market On Open,Filled,304814.78436288,"" 
2019-06-19T20:00:00Z,SPY,269.72247126,-1159,Market On Open,Filled,-312608.34419034,"Liquidated" 
2019-06-20T20:00:00Z,SPY,269.31267209,1160,Market On Open,Filled,312402.6996244,"" 
2019-06-28T20:00:00Z,SPY,271.63827958,-1160,Market On Open,Filled,-315100.4043128,"Liquidated" 
2019-07-01T20:00:00Z,SPY,270.640282665,1165,Market On Open,Filled,315295.92930473,"" 
2019-07-15T20:00:00Z,SPY,275.26402984,-1165,Market On Open,Filled,-320682.5947636,"Liquidated" 
2019-07-16T20:00:00Z,SPY,274.467463495,1169,Market On Open,Filled,320852.46482565,"" 
2019-07-24T20:00:00Z,SPY,275.566175695,-1169,Market On Open,Filled,-322136.85938745,"Liquidated" 
2019-07-26T20:00:00Z,SPY,276.371897975,1165,Market On Open,Filled,321973.26114087,"" 
2019-07-30T20:00:00Z,SPY,275.57533163,-1165,Market On Open,Filled,-321045.26134895,"Liquidated" 
2019-07-31T20:00:00Z,SPY,272.44400186,1179,Market On Open,Filled,321211.47819294,"" 
2019-08-05T20:00:00Z,SPY,261.795649455,-1179,Market On Open,Filled,-308657.07070744,"Liquidated" 
2019-08-06T20:00:00Z,SPY,260.3947914,1171,Market On Open,Filled,304922.3007294,"" 
2019-08-08T20:00:00Z,SPY,267.893502165,-1171,Market On Open,Filled,-313703.29103522,"Liquidated" 
2019-08-09T20:00:00Z,SPY,265.43055565,1189,Market On Open,Filled,315596.93066785,"" 
2019-08-14T20:00:00Z,SPY,260.843432215,-1189,Market On Open,Filled,-310142.84090364,"Liquidated" 
2019-08-15T20:00:00Z,SPY,262.308381815,1197,Market On Open,Filled,313983.13303255,"" 
2019-08-19T20:00:00Z,SPY,267.15187143,-1197,Market On Open,Filled,-319780.79010171,"Liquidated" 
2019-08-20T20:00:00Z,SPY,267.783630945,1196,Market On Open,Filled,320269.22261022,"" 
2019-08-28T20:00:00Z,SPY,267.142715495,-1196,Market On Open,Filled,-319502.68773202,"Liquidated" 
2019-08-30T20:00:00Z,SPY,266.03484736,1184,Market On Open,Filled,314985.25927424,"" 
2019-09-09T20:00:00Z,SPY,272.233415355,-1184,Market On Open,Filled,-322324.36378032,"Liquidated" 
2019-09-10T20:00:00Z,SPY,273.295503815,1188,Market On Open,Filled,324675.05853222,"" 
2019-09-17T20:00:00Z,SPY,275.108378945,-1188,Market On Open,Filled,-326828.75418666,"Liquidated" 
2019-09-18T20:00:00Z,SPY,276.05144025,1184,Market On Open,Filled,326844.905256,"" 
2019-10-07T20:00:00Z,SPY,267.695360115,-1184,Market On Open,Filled,-316951.30637616,"Liquidated" 
2019-10-08T20:00:00Z,SPY,267.46540499,1193,Market On Open,Filled,319086.22815307,"" 
2019-10-11T20:00:00Z,SPY,272.202480565,-1193,Market On Open,Filled,-324737.55931405,"Liquidated" 
2019-10-14T20:00:00Z,SPY,273.232679525,1183,Market On Open,Filled,323234.25987807,"" 
2019-10-16T20:00:00Z,SPY,275.67020385,-1183,Market On Open,Filled,-326117.85115455,"Liquidated" 
2019-10-17T20:00:00Z,SPY,274.759581555,1181,Market On Open,Filled,324491.06581645,"" 
2019-10-22T20:00:00Z,SPY,274.78717617,-1181,Market On Open,Filled,-324523.65505677,"Liquidated" 
2019-10-23T20:00:00Z,SPY,276.75559204,1178,Market On Open,Filled,326018.08742312,"" 
2019-11-05T21:00:00Z,SPY,282.44008273,-1178,Market On Open,Filled,-332714.41745594,"Liquidated" 
2019-11-07T21:00:00Z,SPY,283.13914631,1170,Market On Open,Filled,331272.8011827,"" 
2019-11-15T21:00:00Z,SPY,286.54248216,-1170,Market On Open,Filled,-335254.7041272,"Liquidated" 
2019-11-18T21:00:00Z,SPY,287.60947394,1169,Market On Open,Filled,336215.47503586,"" 
2019-11-20T21:00:00Z,SPY,285.926202425,-1169,Market On Open,Filled,-334247.73063483,"Liquidated" 
2019-11-21T21:00:00Z,SPY,286.11936473,1169,Market On Open,Filled,334473.53736937,"" 
2019-11-26T21:00:00Z,SPY,289.439916735,-1169,Market On Open,Filled,-338355.26266321,"Liquidated" 
2019-12-02T21:00:00Z,SPY,283.89339912,1177,Market On Open,Filled,334142.53076424,"" 
2019-12-10T21:00:00Z,SPY,288.869628025,-1177,Market On Open,Filled,-339999.55218543,"Liquidated" 
2019-12-11T21:00:00Z,SPY,289.237556225,1187,Market On Open,Filled,343324.97923907,"" 
2019-12-13T21:00:00Z,SPY,293.58830719,-1187,Market On Open,Filled,-348489.32063453,"Liquidated" 
2019-12-16T21:00:00Z,SPY,294.32416359,1186,Market On Open,Filled,349068.45801774,"" 
2019-12-19T21:00:00Z,SPY,296.288841112,-1186,Market On Open,Filled,-351398.56555883,"Liquidated" 
2019-12-20T21:00:00Z,SPY,297.296374764,1183,Market On Open,Filled,351701.61134581,"" 
2020-01-02T21:00:00Z,SPY,296.889663932,-1183,Market On Open,Filled,-351220.47243156,"Liquidated" 
2020-01-03T21:00:00Z,SPY,296.196406832,1175,Market On Open,Filled,348030.7780276,"" 
2020-01-07T21:00:00Z,SPY,298.553480972,-1175,Market On Open,Filled,-350800.3401421,"Liquidated" 
2020-01-08T21:00:00Z,SPY,301.52062136,1177,Market On Open,Filled,354889.77134072,"" 
2020-01-10T21:00:00Z,SPY,301.70548992,-1177,Market On Open,Filled,-355107.36163584,"Liquidated" 
2020-01-13T21:00:00Z,SPY,302.703780144,1165,Market On Open,Filled,352649.90386776,"" 
2020-01-15T21:00:00Z,SPY,304.728090876,-1165,Market On Open,Filled,-355008.22587054,"Liquidated" 
2020-01-16T21:00:00Z,SPY,306.622993616,1163,Market On Open,Filled,356602.54157541,"" 
2020-02-05T21:00:00Z,SPY,308.712008344,-1163,Market On Open,Filled,-359032.06570407,"Liquidated" 
2020-02-07T21:00:00Z,SPY,306.133091932,1166,Market On Open,Filled,356951.18519271,"" 
2020-02-11T21:00:00Z,SPY,311.374115608,-1166,Market On Open,Filled,-363062.21879893,"Liquidated" 
2020-02-12T21:00:00Z,SPY,310.505233376,1167,Market On Open,Filled,362359.60734979,"" 
2020-02-14T21:00:00Z,SPY,311.059839056,-1167,Market On Open,Filled,-363006.83217835,"Liquidated" 
2020-02-18T21:00:00Z,SPY,312.252241268,1172,Market On Open,Filled,365959.6267661,"" 
2020-03-03T21:00:00Z,SPY,282.950574508,-1172,Market On Open,Filled,-331618.07332338,"Liquidated" 
2020-05-22T20:00:00Z,SPY,280.75531194,1203,Market On Open,Filled,337748.64026382,"" 
2020-06-04T20:00:00Z,SPY,295.120358865,-1203,Market On Open,Filled,-355029.79171459,"Liquidated" 
2020-06-10T20:00:00Z,SPY,289.448722215,1172,Market On Open,Filled,339233.90243598,"" 
2020-06-16T20:00:00Z,SPY,291.98701206,-1172,Market On Open,Filled,-342208.77813432,"Liquidated" 
2020-07-10T20:00:00Z,SPY,298.894048128,1182,Market On Open,Filled,353292.7648873,"" 
2020-07-20T20:00:00Z,SPY,304.889485824,-1182,Market On Open,Filled,-360379.37224397,"Liquidated" 
2020-07-22T20:00:00Z,SPY,304.86146976,1172,Market On Open,Filled,357297.64255872,"" 
2020-07-28T20:00:00Z,SPY,300.836495232,-1172,Market On Open,Filled,-352580.3724119,"Liquidated" 
2020-07-29T20:00:00Z,SPY,300.61236672,1163,Market On Open,Filled,349612.18249536,"" 
2020-07-31T20:00:00Z,SPY,306.598465728,-1163,Market On Open,Filled,-356574.01564166,"Liquidated" 
2020-08-03T20:00:00Z,SPY,306.196902144,1172,Market On Open,Filled,358862.76931277,"" 
2020-08-05T20:00:00Z,SPY,309.596184576,-1172,Market On Open,Filled,-362846.72832307,"Liquidated" 
2020-08-06T20:00:00Z,SPY,311.249132352,1165,Market On Open,Filled,362605.23919008,"" 
2020-08-10T20:00:00Z,SPY,314.583043968,-1165,Market On Open,Filled,-366489.24622272,"Liquidated" 
2020-08-11T20:00:00Z,SPY,313.284966336,1183,Market On Open,Filled,370616.11517549,"" 
2020-08-19T20:00:00Z,SPY,313.154224704,-1183,Market On Open,Filled,-370461.44782483,"Liquidated" 
2020-08-20T20:00:00Z,SPY,315.516912768,1164,Market On Open,Filled,367261.68646195,"" 
2020-08-27T20:00:00Z,SPY,326.34045216,-1164,Market On Open,Filled,-379860.28631424,"Liquidated" 
2020-08-28T20:00:00Z,SPY,327.18093408,1161,Market On Open,Filled,379857.06446688,"" 
2020-09-01T20:00:00Z,SPY,331.187231232,-1161,Market On Open,Filled,-384508.37546035,"Liquidated" 
2020-09-03T20:00:00Z,SPY,323.183975616,1193,Market On Open,Filled,385558.48290989,"" 
2020-09-15T20:00:00Z,SPY,318.9161952,-1193,Market On Open,Filled,-380467.0208736,"Liquidated" 
2020-09-16T20:00:00Z,SPY,311.463922176,1200,Market On Open,Filled,373756.7066112,"" 
2020-09-28T20:00:00Z,SPY,313.1609718,-1200,Market On Open,Filled,-375793.16616,"Liquidated" 
2020-10-02T20:00:00Z,SPY,315.045563277,1219,Market On Open,Filled,384040.54163466,"" 
2020-10-09T20:00:00Z,SPY,327.740771535,-1219,Market On Open,Filled,-399516.00050116,"Liquidated" 
2020-10-12T20:00:00Z,SPY,330.328568787,1202,Market On Open,Filled,397054.93968197,"" 
2020-11-05T21:00:00Z,SPY,328.134566769,-1202,Market On Open,Filled,-394417.74925634,"Liquidated" 
2020-11-09T21:00:00Z,SPY,331.463074104,1187,Market On Open,Filled,393446.66896145,"" 
2020-11-17T21:00:00Z,SPY,338.457627546,-1187,Market On Open,Filled,-401749.2038971,"Liquidated" 
2020-11-18T21:00:00Z,SPY,333.488306736,1206,Market On Open,Filled,402186.89792362,"" 
2020-11-25T21:00:00Z,SPY,341.139185568,-1206,Market On Open,Filled,-411413.85779501,"Liquidated" 
2020-11-30T21:00:00Z,SPY,342.78937512,1213,Market On Open,Filled,415803.51202056,"" 
2020-12-03T21:00:00Z,SPY,344.38330821,-1213,Market On Open,Filled,-417736.95285873,"Liquidated" 
2020-12-04T21:00:00Z,SPY,345.949113069,1193,Market On Open,Filled,412717.29189132,"" 
2020-12-08T21:00:00Z,SPY,347.768072007,-1193,Market On Open,Filled,-414887.30990435,"Liquidated" 
2020-12-09T21:00:00Z,SPY,342.592477503,1209,Market On Open,Filled,414194.30530113,"" 
2020-12-17T21:00:00Z,SPY,349.316400312,-1209,Market On Open,Filled,-422323.52797721,"Liquidated" 
2020-12-18T21:00:00Z,SPY,343.666773912,1220,Market On Open,Filled,419273.46417264,"" 
2021-01-07T21:00:00Z,SPY,358.402882772,-1220,Market On Open,Filled,-437251.51698184,"Liquidated" 
2021-01-08T21:00:00Z,SPY,355.775806496,1231,Market On Open,Filled,437960.01779658,"" 
2021-01-12T21:00:00Z,SPY,356.53850606,-1231,Market On Open,Filled,-438898.90095986,"Liquidated" 
2021-01-13T21:00:00Z,SPY,358.402882772,1239,Market On Open,Filled,444061.17175451,"" 
2021-01-19T21:00:00Z,SPY,358.84543684,-1239,Market On Open,Filled,-444609.49624476,"Liquidated" 
2021-01-20T21:00:00Z,SPY,362.0468918,1227,Market On Open,Filled,444231.5362386,"" 
2021-02-03T21:00:00Z,SPY,360.662733332,-1227,Market On Open,Filled,-442533.17379836,"Liquidated" 
2021-02-04T21:00:00Z,SPY,365.596740388,1215,Market On Open,Filled,444200.03957142,"" 
2021-02-16T21:00:00Z,SPY,367.630605892,-1215,Market On Open,Filled,-446671.18615878,"Liquidated" 
2021-02-17T21:00:00Z,SPY,366.811410064,1202,Market On Open,Filled,440907.31489693,"" 
2021-02-19T21:00:00Z,SPY,364.457399064,-1202,Market On Open,Filled,-438077.79367493,"Liquidated" 
2021-02-22T21:00:00Z,SPY,362.254044768,1211,Market On Open,Filled,438689.64821405,"" 
2021-02-24T21:00:00Z,SPY,367.705934244,-1211,Market On Open,Filled,-445291.88636948,"Liquidated" 
2021-02-25T21:00:00Z,SPY,361.990395536,1244,Market On Open,Filled,450316.05204678,"" 
2021-03-02T21:00:00Z,SPY,363.299225652,-1244,Market On Open,Filled,-451944.23671109,"Liquidated" 
2021-03-03T21:00:00Z,SPY,358.958429368,1252,Market On Open,Filled,449415.95356874,"" 
2021-03-11T21:00:00Z,SPY,369.193669196,-1252,Market On Open,Filled,-462230.47383339,"Liquidated" 
2021-03-16T20:00:00Z,SPY,371.519432064,1240,Market On Open,Filled,460684.09575936,"" 
2021-03-29T20:00:00Z,SPY,372.53763393,-1240,Market On Open,Filled,-461946.6660732,"Liquidated" 
2021-03-30T20:00:00Z,SPY,373.48232173,1243,Market On Open,Filled,464238.52591039,"" 
2021-04-01T20:00:00Z,SPY,381.172080422,-1243,Market On Open,Filled,-473796.89596455,"Liquidated" 
2021-04-08T20:00:00Z,SPY,385.848285032,1226,Market On Open,Filled,473049.99744923,"" 
2021-04-12T20:00:00Z,SPY,388.805157846,-1226,Market On Open,Filled,-476675.1235192,"Liquidated" 
2021-04-13T20:00:00Z,SPY,390.023805108,1222,Market On Open,Filled,476609.08984198,"" 
2021-05-17T20:00:00Z,SPY,392.791740362,-1222,Market On Open,Filled,-479991.50672236,"Liquidated" 
2021-05-18T20:00:00Z,SPY,384.421806454,1234,Market On Open,Filled,474376.50916424,"" 
2021-06-04T20:00:00Z,SPY,399.17782989,-1234,Market On Open,Filled,-492585.44208426,"Liquidated" 
2021-06-07T20:00:00Z,SPY,399.754089448,1249,Market On Open,Filled,499292.85772055,"" 
2021-06-09T20:00:00Z,SPY,399.565151888,-1249,Market On Open,Filled,-499056.87470811,"Liquidated" 
2021-06-10T20:00:00Z,SPY,400.660989736,1244,Market On Open,Filled,498422.27123158,"" 
2021-06-14T20:00:00Z,SPY,401.926871388,-1244,Market On Open,Filled,-499997.02800667,"Liquidated" 
2021-06-15T20:00:00Z,SPY,401.123886758,1246,Market On Open,Filled,499800.36290047,"" 
2021-06-23T20:00:00Z,SPY,402.739390526,-1246,Market On Open,Filled,-501813.2805954,"Liquidated" 
2021-06-24T20:00:00Z,SPY,403.715602072,1245,Market On Open,Filled,502625.92457964,"" 
2021-06-28T20:00:00Z,SPY,405.525858434,-1245,Market On Open,Filled,-504879.69375033,"Liquidated" 
2021-06-29T20:00:00Z,SPY,404.871891476,1243,Market On Open,Filled,503255.76110467,"" 
2021-07-02T20:00:00Z,SPY,411.09879425,-1243,Market On Open,Filled,-510995.80125275,"Liquidated" 
2021-07-06T20:00:00Z,SPY,411.070360904,1246,Market On Open,Filled,512193.66968638,"" 
2021-07-09T20:00:00Z,SPY,412.738450536,-1246,Market On Open,Filled,-514272.10936786,"Liquidated" 
2021-07-12T20:00:00Z,SPY,413.430328622,1240,Market On Open,Filled,512653.60749128,"" 
2021-07-14T20:00:00Z,SPY,412.084483578,-1240,Market On Open,Filled,-510984.75963672,"Liquidated" 
2021-07-15T20:00:00Z,SPY,413.269206328,1242,Market On Open,Filled,513280.35425938,"" 
2021-07-21T20:00:00Z,SPY,412.103439142,-1242,Market On Open,Filled,-511832.47141436,"Liquidated" 
2021-07-22T20:00:00Z,SPY,414.719306974,1237,Market On Open,Filled,513007.78272684,"" 
2021-07-27T20:00:00Z,SPY,416.757030104,-1237,Market On Open,Filled,-515528.44623865,"Liquidated" 
2021-07-28T20:00:00Z,SPY,416.870763488,1233,Market On Open,Filled,514001.6513807,"" 
2021-07-30T20:00:00Z,SPY,417.382563716,-1233,Market On Open,Filled,-514632.70106183,"Liquidated" 
2021-08-02T20:00:00Z,SPY,415.55335179,1238,Market On Open,Filled,514455.04951602,"" 
2021-08-10T20:00:00Z,SPY,420.595531814,-1238,Market On Open,Filled,-520697.26838573,"Liquidated" 
2021-08-11T20:00:00Z,SPY,420.424931738,1236,Market On Open,Filled,519645.21562817,"" 
2021-08-13T20:00:00Z,SPY,421.38218772,-1236,Market On Open,Filled,-520828.38402192,"Liquidated" 
2021-08-16T20:00:00Z,SPY,421.078898696,1230,Market On Open,Filled,517927.04539608,"" 
2021-08-23T20:00:00Z,SPY,424.519333562,-1230,Market On Open,Filled,-522158.78028126,"Liquidated" 
2021-08-24T20:00:00Z,SPY,424.813144804,1237,Market On Open,Filled,525493.86012255,"" 
2021-08-26T20:00:00Z,SPY,423.75163322,-1237,Market On Open,Filled,-524180.77029314,"Liquidated" 
2021-08-27T20:00:00Z,SPY,427.429012636,1227,Market On Open,Filled,524455.39850437,"" 
2021-08-31T20:00:00Z,SPY,428.96441332,-1227,Market On Open,Filled,-526339.33514364,"Liquidated" 
2021-09-01T20:00:00Z,SPY,429.656291406,1227,Market On Open,Filled,527188.26955516,"" 
2021-09-16T20:00:00Z,SPY,423.06504526,-1227,Market On Open,Filled,-519100.81053402,"Liquidated" 
2021-09-17T20:00:00Z,SPY,413.518864668,1233,Market On Open,Filled,509868.76013564,"" 
2021-09-24T20:00:00Z,SPY,421.001777144,-1233,Market On Open,Filled,-519095.19121855,"Liquidated" 
2021-09-27T20:00:00Z,SPY,418.101792004,1252,Market On Open,Filled,523463.44358901,"" 
2021-10-07T20:00:00Z,SPY,417.949661636,-1252,Market On Open,Filled,-523272.97636827,"Liquidated" 
2021-10-08T20:00:00Z,SPY,415.60114908,1265,Market On Open,Filled,525735.4535862,"" 
2021-10-18T20:00:00Z,SPY,426.839780016,-1265,Market On Open,Filled,-539952.32172024,"Liquidated" 
2021-10-20T20:00:00Z,SPY,429.568618492,1257,Market On Open,Filled,539967.75344444,"" 
2021-10-22T20:00:00Z,SPY,431.898114752,-1257,Market On Open,Filled,-542895.93024326,"Liquidated" 
2021-10-25T20:00:00Z,SPY,434.7600673,1255,Market On Open,Filled,545623.8844615,"" 
2021-11-01T20:00:00Z,SPY,437.6125117,-1255,Market On Open,Filled,-549203.7021835,"Liquidated" 
2021-11-02T20:00:00Z,SPY,438.620375388,1246,Market On Open,Filled,546520.98773345,"" 
2021-11-04T20:00:00Z,SPY,446.26492638,-1246,Market On Open,Filled,-556046.09826948,"Liquidated" 
2021-11-05T20:00:00Z,SPY,446.55017082,1250,Market On Open,Filled,558187.713525,"" 
2021-12-08T21:00:00Z,SPY,445.095424176,-1250,Market On Open,Filled,-556369.28022,"Liquidated" 
2021-12-10T21:00:00Z,SPY,447.111151552,1240,Market On Open,Filled,554417.82792448,"" 
2021-12-16T21:00:00Z,SPY,440.314461614,-1240,Market On Open,Filled,-545989.93240136,"Liquidated" 
2021-12-17T21:00:00Z,SPY,433.578118842,1245,Market On Open,Filled,539804.75795829,"" 
2021-12-21T21:00:00Z,SPY,441.593030922,-1245,Market On Open,Filled,-549783.32349789,"Liquidated" 
2021-12-29T21:00:00Z,SPY,456.067580476,1221,Market On Open,Filled,556858.5157612,"" 
2022-01-12T21:00:00Z,SPY,450.55255764,-1221,Market On Open,Filled,-550124.67287844,"Liquidated" 
2022-01-13T21:00:00Z,SPY,439.96142382,1240,Market On Open,Filled,545552.1655368,"" 
2022-01-25T21:00:00Z,SPY,421.374461044,-1240,Market On Open,Filled,-522504.33169456,"Liquidated" 
2022-01-26T21:00:00Z,SPY,418.044455906,1274,Market On Open,Filled,532588.63682424,"" 
2022-01-31T21:00:00Z,SPY,429.980949968,-1274,Market On Open,Filled,-547795.73025923,"Liquidated" 
2022-02-02T21:00:00Z,SPY,430.257655266,1241,Market On Open,Filled,533949.75018511,"" 
2022-02-04T21:00:00Z,SPY,428.8932119,-1241,Market On Open,Filled,-532256.4759679,"Liquidated" 
2022-02-07T21:00:00Z,SPY,426.183408292,1266,Market On Open,Filled,539548.19489767,"" 
2022-02-10T21:00:00Z,SPY,428.70238066,-1266,Market On Open,Filled,-542737.21391556,"Liquidated" 
2022-02-11T21:00:00Z,SPY,419.714229256,1293,Market On Open,Filled,542690.49842801,"" 
2022-02-16T21:00:00Z,SPY,422.862944716,-1293,Market On Open,Filled,-546761.78751779,"Liquidated" 
2022-02-18T21:00:00Z,SPY,412.14777059,1321,Market On Open,Filled,544447.20494939,"" 
2022-02-25T21:00:00Z,SPY,412.414934326,-1321,Market On Open,Filled,-544800.12824465,"Liquidated" 
2022-03-01T21:00:00Z,SPY,412.48172526,1335,Market On Open,Filled,550663.1032221,"" 
2022-03-10T21:00:00Z,SPY,408.56968484,-1335,Market On Open,Filled,-545440.5292614,"Liquidated" 
2022-03-14T20:00:00Z,SPY,400.421190892,1363,Market On Open,Filled,545774.0831858,"" 
2022-03-16T20:00:00Z,SPY,413.655337386,-1363,Market On Open,Filled,-563812.22485712,"Liquidated" 
2022-03-30T20:00:00Z,SPY,438.284573568,1276,Market On Open,Filled,559251.11587277,"" 
2022-04-05T20:00:00Z,SPY,427.708393148,-1276,Market On Open,Filled,-545755.90965685,"Liquidated" 
2022-04-06T20:00:00Z,SPY,426.559848668,1280,Market On Open,Filled,545996.60629504,"" 
2022-04-08T20:00:00Z,SPY,425.066740844,-1280,Market On Open,Filled,-544085.42828032,"Liquidated" 
2022-04-11T20:00:00Z,SPY,424.023479608,1294,Market On Open,Filled,548686.38261275,"" 
2022-04-20T20:00:00Z,SPY,429.345069032,-1294,Market On Open,Filled,-555572.51932741,"Liquidated" 
2022-04-21T20:00:00Z,SPY,418.204187576,1316,Market On Open,Filled,550356.71085002,"" 
2022-04-29T20:00:00Z,SPY,394.343176004,-1316,Market On Open,Filled,-518955.61962126,"Liquidated" 
2022-07-13T20:00:00Z,SPY,359.499570455,1429,Market On Open,Filled,513724.8861802,"" 
2022-07-15T20:00:00Z,SPY,373.226284715,-1429,Market On Open,Filled,-533340.36085774,"Liquidated" 
2022-07-18T20:00:00Z,SPY,371.207650265,1471,Market On Open,Filled,546046.45353982,"" 
2022-07-21T20:00:00Z,SPY,383.46364514,-1471,Market On Open,Filled,-564075.02200094,"Liquidated" 
2022-07-22T20:00:00Z,SPY,380.38763074,1469,Market On Open,Filled,558789.42955706,"" 
2022-07-29T20:00:00Z,SPY,393.30689122,-1469,Market On Open,Filled,-577767.82320218,"Liquidated" 
2022-08-03T20:00:00Z,SPY,398.199676625,1448,Market On Open,Filled,576593.131753,"" 
2022-08-05T20:00:00Z,SPY,399.160931125,-1448,Market On Open,Filled,-577985.028269,"Liquidated" 
2022-08-09T20:00:00Z,SPY,402.486871695,1463,Market On Open,Filled,588838.29328979,"" 
2022-08-15T20:00:00Z,SPY,411.05164929,-1463,Market On Open,Filled,-601368.56291127,"Liquidated" 
2022-08-17T20:00:00Z,SPY,410.24419551,1441,Market On Open,Filled,591161.88572991,"" 
2022-08-26T20:00:00Z,SPY,386.645397535,-1441,Market On Open,Filled,-557156.01784793,"Liquidated" 
2022-08-29T20:00:00Z,SPY,388.202629825,1439,Market On Open,Filled,558623.58431817,"" 
2022-09-08T20:00:00Z,SPY,387.164474965,-1439,Market On Open,Filled,-557129.67947464,"Liquidated" 
2022-09-12T20:00:00Z,SPY,386.07825738,1406,Market On Open,Filled,542826.02987628,"" 
2022-09-20T20:00:00Z,SPY,372.626733452,-1406,Market On Open,Filled,-523913.18723351,"Liquidated" 
2022-09-26T20:00:00Z,SPY,355.204797642,1526,Market On Open,Filled,542042.52120169,"" 
2022-10-05T20:00:00Z,SPY,362.57895773,-1526,Market On Open,Filled,-553295.48949598,"Liquidated" 
2022-10-11T20:00:00Z,SPY,345.649276062,1586,Market On Open,Filled,548199.75183433,"" 
2022-10-13T20:00:00Z,SPY,355.716355868,-1586,Market On Open,Filled,-564166.14040665,"Liquidated" 
2022-12-09T21:00:00Z,SPY,380.377323178,1485,Market On Open,Filled,564860.32491933,"" 
2022-12-22T21:00:00Z,SPY,368.132535284,-1485,Market On Open,Filled,-546676.81489674,"Liquidated" 
2022-12-23T21:00:00Z,SPY,371.196589468,1469,Market On Open,Filled,545287.78992849,"" 
2023-01-06T21:00:00Z,SPY,378.381602602,-1469,Market On Open,Filled,-555842.57422234,"Liquidated" 
2023-01-10T21:00:00Z,SPY,380.24330641,1468,Market On Open,Filled,558197.17380988,"" 
2023-01-12T21:00:00Z,SPY,381.69776251,-1468,Market On Open,Filled,-560332.31536468,"Liquidated" 
2023-01-18T21:00:00Z,SPY,377.402268828,1470,Market On Open,Filled,554781.33517716,"" 
2023-01-23T21:00:00Z,SPY,386.768966112,-1470,Market On Open,Filled,-568550.38018464,"Liquidated" 
2023-01-24T21:00:00Z,SPY,383.898839408,1474,Market On Open,Filled,565866.88928739,"" 
2023-01-26T21:00:00Z,SPY,391.403832884,-1474,Market On Open,Filled,-576929.24967102,"Liquidated" 
2023-01-27T21:00:00Z,SPY,390.52146285,1482,Market On Open,Filled,578752.8079437,"" 
2023-01-31T21:00:00Z,SPY,392.906770854,-1482,Market On Open,Filled,-582287.83440563,"Liquidated" 
2023-02-03T21:00:00Z,SPY,397.328317398,1466,Market On Open,Filled,582483.31330547,"" 
2023-02-07T21:00:00Z,SPY,400.634780932,-1466,Market On Open,Filled,-587330.58884631,"Liquidated" 
2023-02-09T21:00:00Z,SPY,393.52733879,1498,Market On Open,Filled,589503.95350742,"" 
2023-02-14T21:00:00Z,SPY,397.919796212,-1498,Market On Open,Filled,-596083.85472558,"Liquidated" 
2023-02-15T21:00:00Z,SPY,396.329590876,1489,Market On Open,Filled,590134.76081436,"" 
2023-02-27T21:00:00Z,SPY,385.18845715,-1489,Market On Open,Filled,-573545.61269635,"Liquidated" 
2023-02-28T21:00:00Z,SPY,383.44310983,1513,Market On Open,Filled,580149.42517279,"" 
2023-03-02T21:00:00Z,SPY,387.428319544,-1513,Market On Open,Filled,-586179.04747007,"Liquidated" 
2023-03-06T21:00:00Z,SPY,392.189239178,1497,Market On Open,Filled,587107.29104947,"" 
2023-03-17T20:00:00Z,SPY,380.36121903,-1497,Market On Open,Filled,-569400.74488791,"Liquidated" 
2023-03-20T20:00:00Z,SPY,386.70738605,1486,Market On Open,Filled,574647.1756703,"" 
2023-03-22T20:00:00Z,SPY,384.48817427,-1486,Market On Open,Filled,-571349.42696522,"Liquidated" 
2023-03-23T20:00:00Z,SPY,381.37349107,1479,Market On Open,Filled,564051.39329253,"" 
2023-03-27T20:00:00Z,SPY,385.26684507,-1479,Market On Open,Filled,-569809.66385853,"Liquidated" 
2023-03-28T20:00:00Z,SPY,389.150465685,1485,Market On Open,Filled,577888.44154222,"" 
2023-03-31T20:00:00Z,SPY,398.01757942,-1485,Market On Open,Filled,-591056.1054387,"Liquidated" 
2023-04-04T20:00:00Z,SPY,396.976107225,1471,Market On Open,Filled,583951.85372798,"" 
2023-04-10T20:00:00Z,SPY,399.273186085,-1471,Market On Open,Filled,-587330.85673104,"Liquidated" 
2023-04-11T20:00:00Z,SPY,400.8207943,1475,Market On Open,Filled,591210.6715925,"" 
2023-04-14T20:00:00Z,SPY,401.433997555,-1475,Market On Open,Filled,-592115.14639362,"Liquidated" 
2023-04-17T20:00:00Z,SPY,404.509747215,1463,Market On Open,Filled,591797.76017555,"" 
2023-04-20T20:00:00Z,SPY,401.2101297,-1463,Market On Open,Filled,-586970.4197511,"Liquidated" 
2023-04-21T20:00:00Z,SPY,401.005728615,1457,Market On Open,Filled,584265.34659206,"" 
2023-05-01T20:00:00Z,SPY,403.72134303,-1457,Market On Open,Filled,-588221.99679471,"Liquidated" 
2023-05-02T20:00:00Z,SPY,400.382791975,1471,Market On Open,Filled,588963.08699523,"" 
2023-05-05T20:00:00Z,SPY,401.89146665,-1471,Market On Open,Filled,-591182.34744215,"Liquidated" 
2023-05-09T20:00:00Z,SPY,402.874538535,1476,Market On Open,Filled,594642.81887766,"" 
2023-05-19T20:00:00Z,SPY,407.45896287,-1476,Market On Open,Filled,-601409.42919612,"Liquidated" 
2023-05-22T20:00:00Z,SPY,406.008688505,1465,Market On Open,Filled,594802.72865983,"" 
2023-05-30T20:00:00Z,SPY,407.10856101,-1465,Market On Open,Filled,-596414.04187965,"Liquidated" 
2023-05-31T20:00:00Z,SPY,406.923626695,1473,Market On Open,Filled,599398.50212174,"" 
2023-06-02T20:00:00Z,SPY,416.890612935,-1473,Market On Open,Filled,-614079.87285326,"Liquidated" 
2023-06-06T20:00:00Z,SPY,416.99768017,1473,Market On Open,Filled,614237.58289041,"" 
2023-06-12T20:00:00Z,SPY,423.645582125,-1473,Market On Open,Filled,-624029.94247013,"Liquidated" 
2023-06-14T20:00:00Z,SPY,424.794121555,1465,Market On Open,Filled,622323.38807808,"" 
2023-06-16T20:00:00Z,SPY,427.41776875,-1465,Market On Open,Filled,-626167.03121875,"Liquidated" 
2023-06-20T20:00:00Z,SPY,426.225883772,1468,Market On Open,Filled,625699.5973773,"" 
2023-06-29T20:00:00Z,SPY,431.247431958,-1468,Market On Open,Filled,-633071.23011434,"Liquidated" 
2023-06-30T20:00:00Z,SPY,432.751942504,1465,Market On Open,Filled,633981.59576836,"" 
2023-07-12T20:00:00Z,SPY,437.57809971,-1465,Market On Open,Filled,-641051.91607515,"Liquidated" 
2023-07-13T20:00:00Z,SPY,440.176799744,1460,Market On Open,Filled,642658.12762624,"" 
2023-07-19T20:00:00Z,SPY,443.693837384,-1460,Market On Open,Filled,-647793.00258064,"Liquidated" 
2023-07-20T20:00:00Z,SPY,443.5375246,1464,Market On Open,Filled,649338.9360144,"" 
2023-07-25T20:00:00Z,SPY,444.016232501,-1464,Market On Open,Filled,-650039.76438146,"Liquidated" 
2023-07-26T20:00:00Z,SPY,448.402760002,1454,Market On Open,Filled,651977.61304291,"" 
2023-08-01T20:00:00Z,SPY,442.85365617,-1454,Market On Open,Filled,-643909.21607118,"Liquidated" 
2023-08-02T20:00:00Z,SPY,437.714873396,1453,Market On Open,Filled,635999.71104439,"" 
2023-08-14T20:00:00Z,SPY,435.995432772,-1453,Market On Open,Filled,-633501.36381772,"Liquidated" 
2023-08-15T20:00:00Z,SPY,432.243925956,1471,Market On Open,Filled,635830.81508128,"" 
2023-08-29T20:00:00Z,SPY,439.209614393,-1471,Market On Open,Filled,-646077.3427721,"Liquidated" 
2023-08-31T20:00:00Z,SPY,442.628956543,1470,Market On Open,Filled,650664.56611821,"" 
2023-09-06T20:00:00Z,SPY,432.898485739,-1470,Market On Open,Filled,-636360.77403633,"Liquidated" 
2023-09-07T20:00:00Z,SPY,434.676543657,1456,Market On Open,Filled,632889.04756459,"" 
2023-09-14T20:00:00Z,SPY,438.327661926,-1456,Market On Open,Filled,-638205.07576426,"Liquidated" 
2023-09-15T20:00:00Z,SPY,434.3178202,1467,Market On Open,Filled,637144.2422334,"" 
2023-09-29T20:00:00Z,SPY,418.268649282,-1467,Market On Open,Filled,-613600.10849669,"Liquidated" 
2023-10-02T20:00:00Z,SPY,416.709811056,1467,Market On Open,Filled,611313.29281915,"" 
2023-10-06T20:00:00Z,SPY,419.160814556,-1467,Market On Open,Filled,-614908.91495365,"Liquidated" 
2023-10-10T20:00:00Z,SPY,427.20991005,1451,Market On Open,Filled,619881.57948255,"" 
2023-10-18T20:00:00Z,SPY,422.445159246,-1451,Market On Open,Filled,-612967.92606595,"Liquidated" 
2023-10-19T20:00:00Z,SPY,417.523544218,1462,Market On Open,Filled,610419.42164672,"" 
2023-10-24T20:00:00Z,SPY,413.650958688,-1462,Market On Open,Filled,-604757.70160186,"Liquidated" 
2023-10-25T20:00:00Z,SPY,408.23914296,1479,Market On Open,Filled,603785.69243784,"" 
2023-11-01T20:00:00Z,SPY,418.200021184,-1479,Market On Open,Filled,-618517.83133114,"Liquidated" 
2023-11-07T21:00:00Z,SPY,428.915808486,1448,Market On Open,Filled,621070.09068773,"" 
2023-11-17T21:00:00Z,SPY,441.749262812,-1448,Market On Open,Filled,-639652.93255178,"Liquidated" 
2023-11-20T21:00:00Z,SPY,444.26889441,1434,Market On Open,Filled,637081.59458394,"" 
2023-11-28T21:00:00Z,SPY,448.180695996,-1434,Market On Open,Filled,-642691.11805826,"Liquidated" 
2023-11-29T21:00:00Z,SPY,446.543425658,1445,Market On Open,Filled,645255.25007581,"" 
2023-12-04T21:00:00Z,SPY,446.357149392,-1445,Market On Open,Filled,-644986.08087144,"Liquidated" 
2023-12-05T21:00:00Z,SPY,449.768946264,1438,Market On Open,Filled,646767.74472763,"" 
2023-12-11T21:00:00Z,SPY,452.563090254,-1438,Market On Open,Filled,-650785.72378525,"Liquidated" 
2023-12-12T21:00:00Z,SPY,455.367038258,1424,Market On Open,Filled,648442.66247939,"" 
2023-12-14T21:00:00Z,SPY,462.2632044,-1424,Market On Open,Filled,-658262.8030656,"Liquidated" 
2023-12-15T21:00:00Z,SPY,463.592112675,1423,Market On Open,Filled,659691.57633653,"" 
2023-12-19T21:00:00Z,SPY,466.51571088,-1423,Market On Open,Filled,-663851.85658224,"Liquidated" 
2023-12-20T21:00:00Z,SPY,463.62164397,1436,Market On Open,Filled,665760.68074092,"" 
2023-12-26T21:00:00Z,SPY,468.002119395,-1436,Market On Open,Filled,-672051.04345122,"Liquidated" 
2023-12-27T21:00:00Z,SPY,469.360558965,1424,Market On Open,Filled,668369.43596616,"" 
2024-01-09T21:00:00Z,SPY,466.77164877,-1424,Market On Open,Filled,-664682.82784848,"Liquidated" 
2024-01-10T21:00:00Z,SPY,470.069310045,1416,Market On Open,Filled,665618.14302372,"" 
2024-01-17T21:00:00Z,SPY,466.545242175,-1416,Market On Open,Filled,-660628.0629198,"Liquidated" 
2024-01-18T21:00:00Z,SPY,470.23665405,1406,Market On Open,Filled,661152.7355943,"" 
2024-01-22T21:00:00Z,SPY,476.507132355,-1406,Market On Open,Filled,-669969.02809113,"Liquidated" 
2024-01-23T21:00:00Z,SPY,480.149325405,1400,Market On Open,Filled,672209.055567,"" 
2024-01-29T21:00:00Z,SPY,482.85636078,-1400,Market On Open,Filled,-675998.905092,"Liquidated" 
2024-01-31T21:00:00Z,SPY,477.0288519,1414,Market On Open,Filled,674518.7965866,"" 
2024-02-05T21:00:00Z,SPY,485.78980275,-1414,Market On Open,Filled,-686906.7810885,"Liquidated" 
2024-02-06T21:00:00Z,SPY,488.48699436,1407,Market On Open,Filled,687301.20106452,"" 
2024-02-08T21:00:00Z,SPY,491.056217025,-1407,Market On Open,Filled,-690916.09735418,"Liquidated" 
2024-02-09T21:00:00Z,SPY,493.3695018,1394,Market On Open,Filled,687757.0855092,"" 
2024-02-22T21:00:00Z,SPY,501.274045095,-1394,Market On Open,Filled,-698776.01886243,"Liquidated" 
2024-02-23T21:00:00Z,SPY,500.388106245,1398,Market On Open,Filled,699542.57253051,"" 
2024-02-27T21:00:00Z,SPY,497.454664275,-1398,Market On Open,Filled,-695441.62065645,"Liquidated" 
2024-02-29T21:00:00Z,SPY,500.998419675,1389,Market On Open,Filled,695886.80492857,"" 
2024-03-08T21:00:00Z,SPY,502.494671955,-1389,Market On Open,Filled,-697965.09934549,"Liquidated" 
2024-03-11T20:00:00Z,SPY,505.388738865,1384,Market On Open,Filled,699458.01458916,"" 
2024-03-13T20:00:00Z,SPY,508.88327544,-1384,Market On Open,Filled,-704294.45320896,"Liquidated" 
2024-03-14T20:00:00Z,SPY,503.808983656,1384,Market On Open,Filled,697271.6333799,"" 
2024-03-21T20:00:00Z,SPY,515.559457776,-1384,Market On Open,Filled,-713534.28956198,"Liquidated" 
2024-03-22T20:00:00Z,SPY,513.278483388,1395,Market On Open,Filled,716023.48432626,"" 
2024-03-26T20:00:00Z,SPY,515.115112116,-1395,Market On Open,Filled,-718585.58140182,"Liquidated" 
2024-03-27T20:00:00Z,SPY,516.645636056,1394,Market On Open,Filled,720204.01666206,"" 
2024-04-01T20:00:00Z,SPY,511.728210752,-1394,Market On Open,Filled,-713349.12578829,"Liquidated" 
2024-04-02T20:00:00Z,SPY,511.254242048,1393,Market On Open,Filled,712177.15917286,"" 
2024-04-12T20:00:00Z,SPY,508.558545044,-1393,Market On Open,Filled,-708422.05324629,"Liquidated" 
2024-04-15T20:00:00Z,SPY,498.60520226,1425,Market On Open,Filled,710512.4132205,"" 
2024-04-24T20:00:00Z,SPY,492.92745216,-1425,Market On Open,Filled,-702421.619328,"Liquidated" 
2024-04-25T20:00:00Z,SPY,500.066605764,1411,Market On Open,Filled,705593.980733,"" 
2024-05-07T20:00:00Z,SPY,508.82515244,-1411,Market On Open,Filled,-717952.29009284,"Liquidated" 
2024-05-08T20:00:00Z,SPY,510.839519432,1398,Market On Open,Filled,714153.64816594,"" 
2024-05-15T20:00:00Z,SPY,523.202203128,-1398,Market On Open,Filled,-731436.67997294,"Liquidated" 
2024-05-17T20:00:00Z,SPY,522.955344428,1399,Market On Open,Filled,731614.52685477,"" 
2024-05-21T20:00:00Z,SPY,524.021774012,-1399,Market On Open,Filled,-733106.46184279,"Liquidated" 
2024-05-22T20:00:00Z,SPY,526.20400492,1400,Market On Open,Filled,736685.606888,"" 
2024-06-04T20:00:00Z,SPY,524.090894448,-1400,Market On Open,Filled,-733727.2522272,"Liquidated" 
2024-06-07T20:00:00Z,SPY,526.539732752,1384,Market On Open,Filled,728730.99012877,"" 
2024-06-11T20:00:00Z,SPY,534.784813332,-1384,Market On Open,Filled,-740142.18165149,"Liquidated" 
2024-06-12T20:00:00Z,SPY,536.315337272,1386,Market On Open,Filled,743333.05745899,"" 
2024-06-17T20:00:00Z,SPY,540.27495082,-1386,Market On Open,Filled,-748821.08183652,"Liquidated" 
2024-06-20T20:00:00Z,SPY,539.224402332,1382,Market On Open,Filled,745208.12402282,"" 
2024-06-27T20:00:00Z,SPY,542.01795186,-1382,Market On Open,Filled,-749068.80947052,"Liquidated" 
2024-06-28T20:00:00Z,SPY,540.492396444,1392,Market On Open,Filled,752365.41585005,"" 
2024-07-09T20:00:00Z,SPY,551.904343452,-1392,Market On Open,Filled,-768250.84608518,"Liquidated" 
2024-07-12T20:00:00Z,SPY,556.698946188,1381,Market On Open,Filled,768801.24468563,"" 
2024-07-16T20:00:00Z,SPY,553.647835356,-1381,Market On Open,Filled,-764587.66062664,"Liquidated" 
2024-07-18T20:00:00Z,SPY,547.248427572,1392,Market On Open,Filled,761769.81118022,"" 
2024-07-23T20:00:00Z,SPY,543.70200654,-1392,Market On Open,Filled,-756833.19310368,"Liquidated" 
2024-07-24T20:00:00Z,SPY,536.242634928,1412,Market On Open,Filled,757174.60051834,"" 
2024-08-06T20:00:00Z,SPY,523.622131032,-1412,Market On Open,Filled,-739354.44901718,"Liquidated" 
2024-08-07T20:00:00Z,SPY,519.075183396,1439,Market On Open,Filled,746949.18890684,"" 
2024-08-12T20:00:00Z,SPY,531.626343864,-1439,Market On Open,Filled,-765010.3088203,"Liquidated" 
2024-08-13T20:00:00Z,SPY,537.768190344,1410,Market On Open,Filled,758253.14838504,"" 
2024-08-15T20:00:00Z,SPY,546.119120316,-1410,Market On Open,Filled,-770027.95964556,"Liquidated" 
2024-08-21T20:00:00Z,SPY,557.263599816,1385,Market On Open,Filled,771810.08574516,"" 
2024-09-03T20:00:00Z,SPY,545.059156488,-1385,Market On Open,Filled,-754906.93173588,"Liquidated" 
2024-09-04T20:00:00Z,SPY,545.68324734,1378,Market On Open,Filled,751951.51483452,"" 
2024-09-11T20:00:00Z,SPY,549.74479098,-1378,Market On Open,Filled,-757548.32197044,"Liquidated" 
2024-09-17T20:00:00Z,SPY,558.422625684,1358,Market On Open,Filled,758337.92567887,"" 
2024-09-20T20:00:00Z,SPY,565.778985559,-1358,Market On Open,Filled,-768327.86238912,"Liquidated" 
2024-09-24T20:00:00Z,SPY,567.567570139,1352,Market On Open,Filled,767351.35482793,"" 
2024-10-01T20:00:00Z,SPY,564.129513113,-1352,Market On Open,Filled,-762703.10172878,"Liquidated" 
2024-10-02T20:00:00Z,SPY,563.871162007,1350,Market On Open,Filled,761226.06870945,"" 
2024-10-04T20:00:00Z,SPY,567.67687253,-1350,Market On Open,Filled,-766363.7779155,"Liquidated" 
2024-10-07T20:00:00Z,SPY,566.862072888,1361,Market On Open,Filled,771499.28120057,"" 
2024-10-10T20:00:00Z,SPY,572.376875343,-1361,Market On Open,Filled,-779004.92734182,"Liquidated" 
2024-10-11T20:00:00Z,SPY,577.543897463,1347,Market On Open,Filled,777951.62988266,"" 
2024-10-15T20:00:00Z,SPY,576.12296638,-1347,Market On Open,Filled,-776037.63571386,"Liquidated" 
2024-10-16T20:00:00Z,SPY,582.253836857,1337,Market On Open,Filled,778473.37987781,"" 
2024-10-22T20:00:00Z,SPY,577.653199854,-1337,Market On Open,Filled,-772322.3282048,"Liquidated" 
2024-10-23T20:00:00Z,SPY,576.351507743,1336,Market On Open,Filled,770005.61434465,"" 
2024-10-29T20:00:00Z,SPY,577.722755921,-1336,Market On Open,Filled,-771837.60191046,"Liquidated" 
2024-10-31T20:00:00Z,SPY,567.696745692,1361,Market On Open,Filled,772635.27088681,"" 
2024-11-05T21:00:00Z,SPY,585.572654911,-1361,Market On Open,Filled,-796964.38333387,"Liquidated" 
2024-11-07T21:00:00Z,SPY,592.41895922,1341,Market On Open,Filled,794433.82431402,"" 
2024-11-11T21:00:00Z,SPY,594.922977632,-1341,Market On Open,Filled,-797791.71300451,"Liquidated" 
2024-11-12T21:00:00Z,SPY,593.571602616,1343,Market On Open,Filled,797166.66231329,"" 
2024-11-20T21:00:00Z,SPY,589.626779959,-1343,Market On Open,Filled,-791868.76548494,"Liquidated" 
2024-11-21T21:00:00Z,SPY,589.875194484,1342,Market On Open,Filled,791612.51099753,"" 
2024-11-25T21:00:00Z,SPY,595.022343442,-1342,Market On Open,Filled,-798519.98489916,"Liquidated" 
2024-11-26T21:00:00Z,SPY,596.701625631,1338,Market On Open,Filled,798386.77509428,"" 
2024-12-02T21:00:00Z,SPY,599.57329754,-1338,Market On Open,Filled,-802229.07210852,"Liquidated" 
2024-12-03T21:00:00Z,SPY,601.818964846,1337,Market On Open,Filled,804631.9559991,"" 
2024-12-05T21:00:00Z,SPY,603.528056778,-1337,Market On Open,Filled,-806917.01191219,"Liquidated" 
2024-12-06T21:00:00Z,SPY,603.885773694,1332,Market On Open,Filled,804375.85056041,"" 
2024-12-12T21:00:00Z,SPY,602.534398678,-1332,Market On Open,Filled,-802575.8190391,"Liquidated" 
2024-12-13T21:00:00Z,SPY,602.1568086,1337,Market On Open,Filled,805083.6530982,"" 
2024-12-23T21:00:00Z,SPY,594.31271337,-1337,Market On Open,Filled,-794596.09777569,"Liquidated" 
2024-12-30T21:00:00Z,SPY,588.191122932,1351,Market On Open,Filled,794646.20708113,"" 
2025-01-06T21:00:00Z,SPY,595.598845563,-1351,Market On Open,Filled,-804654.04035561,"Liquidated" 
2025-01-07T21:00:00Z,SPY,587.004690909,1367,Market On Open,Filled,802435.4124726,"" 
2025-01-17T21:00:00Z,SPY,598.888951173,-1367,Market On Open,Filled,-818681.19625349,"Liquidated" 
2025-01-27T21:00:00Z,SPY,598.729430901,1369,Market On Open,Filled,819660.59090347,"" 
